{"type":"FeatureCollection","features":[{"type":"Feature","properties":{"teryt":"1211092"},"geometry":{"type":"Polygon","coordinates":[[[19.99,49.501],[19.992,49.505],[20.003,49.505],[20.004,49.506],[20.004,49.508],[20.006,49.514],[20.011,49.519],[20.012,49.522],[20.016,49.528],[20.023,49.528],[20.029,49.531],[20.03,49.533],[20.036,49.535],[20.042,49.534],[20.052,49.531],[20.062,49.53],[20.067,49.531],[20.078,49.531],[20.087,49.533],[20.092,49.534],[20.1,49.532],[20.106,49.532],[20.098,49.527],[20.09,49.524],[20.084,49.516],[20.079,49.514],[20.076,49.508],[20.077,49.504],[20.067,49.504],[20.067,49.496],[20.067,49.487],[20.065,49.485],[20.063,49.472],[20.065,49.469],[20.064,49.464],[20.066,49.461],[20.074,49.455],[20.072,49.45],[20.068,49.449],[20.065,49.444],[20.063,49.442],[20.066,49.437],[20.063,49.43],[20.06,49.429],[20.056,49.425],[20.069,49.422],[20.08,49.421],[20.085,49.428],[20.088,49.428],[20.101,49.423],[20.099,49.42],[20.106,49.418],[20.116,49.414],[20.119,49.418],[20.126,49.42],[20.129,49.426],[20.133,49.425],[20.131,49.421],[20.139,49.42],[20.143,49.422],[20.149,49.423],[20.154,49.417],[20.156,49.414],[20.166,49.413],[20.172,49.414],[20.175,49.411],[20.174,49.405],[20.181,49.404],[20.187,49.405],[20.193,49.407],[20.205,49.406],[20.216,49.407],[20.218,49.408],[20.221,49.418],[20.212,49.418],[20.206,49.418],[20.205,49.424],[20.2,49.427],[20.19,49.436],[20.178,49.448],[20.187,49.452],[20.197,49.454],[20.199,49.456],[20.21,49.459],[20.229,49.461],[20.226,49.467],[20.224,49.477],[20.227,49.479],[20.227,49.486],[20.23,49.491],[20.224,49.494],[20.217,49.494],[20.211,49.496],[20.211,49.499],[20.202,49.498],[20.2,49.501],[20.194,49.499],[20.187,49.505],[20.18,49.508],[20.167,49.512],[20.151,49.515],[20.147,49.523],[20.145,49.53],[20.149,49.543],[20.145,49.544],[20.14,49.544],[20.136,49.545],[20.123,49.545],[20.12,49.545],[20.114,49.545],[20.098,49.55],[20.095,49.553],[20.091,49.555],[20.082,49.556],[20.078,49.559],[20.067,49.56],[20.062,49.559],[20.046,49.559],[20.04,49.56],[20.032,49.558],[20.028,49.558],[20.019,49.555],[20.016,49.555],[20.012,49.552],[20.007,49.549],[20.002,49.548],[19.995,49.549],[19.982,49.541],[19.973,49.541],[19.97,49.54],[19.969,49.536],[19.966,49.534],[19.966,49.528],[19.958,49.527],[19.957,49.529],[19.949,49.525],[19.939,49.526],[19.935,49.525],[19.929,49.526],[19.924,49.524],[19.918,49.524],[19.91,49.52],[19.913,49.515],[19.909,49.512],[19.909,49.504],[19.913,49.502],[19.916,49.498],[19.919,49.49],[19.917,49.486],[19.915,49.483],[19.907,49.482],[19.902,49.479],[19.893,49.478],[19.886,49.475],[19.883,49.475],[19.88,49.471],[19.886,49.466],[19.897,49.461],[19.908,49.454],[19.924,49.46],[19.927,49.456],[19.928,49.448],[19.93,49.443],[19.931,49.441],[19.939,49.432],[19.954,49.434],[19.958,49.435],[19.967,49.438],[19.972,49.44],[19.978,49.441],[19.98,49.445],[19.983,49.448],[19.989,49.448],[19.993,49.449],[19.99,49.453],[19.991,49.457],[19.99,49.46],[19.992,49.461],[19.992,49.464],[19.997,49.467],[19.998,49.473],[19.997,49.477],[19.989,49.483],[19.983,49.486],[19.986,49.489],[19.987,49.496],[19.988,49.5],[19.989,49.501],[19.99,49.501]]]}},{"type":"Feature","properties":{"teryt":"1212032"},"geometry":{"type":"Polygon","coordinates":[[[19.407,50.317],[19.404,50.314],[19.4,50.314],[19.398,50.308],[19.403,50.308],[19.401,50.305],[19.406,50.305],[19.411,50.303],[19.409,50.299],[19.404,50.299],[19.404,50.297],[19.409,50.297],[19.406,50.292],[19.447,50.285],[19.45,50.289],[19.463,50.288],[19.472,50.286],[19.473,50.282],[19.478,50.279],[19.486,50.279],[19.489,50.277],[19.485,50.274],[19.489,50.27],[19.498,50.276],[19.503,50.271],[19.509,50.272],[19.522,50.275],[19.522,50.286],[19.517,50.287],[19.517,50.29],[19.522,50.292],[19.537,50.291],[19.543,50.293],[19.535,50.298],[19.542,50.302],[19.545,50.31],[19.547,50.311],[19.527,50.318],[19.516,50.317],[19.504,50.322],[19.491,50.322],[19.488,50.321],[19.484,50.324],[19.475,50.324],[19.467,50.323],[19.46,50.323],[19.451,50.319],[19.434,50.325],[19.432,50.328],[19.424,50.329],[19.422,50.33],[19.415,50.332],[19.413,50.327],[19.415,50.323],[19.407,50.317]]]}},{"type":"Feature","properties":{"teryt":"1215052"},"geometry":{"type":"MultiPolygon","coordinates":[[[[19.863,49.599],[19.866,49.605],[19.869,49.612],[19.874,49.616],[19.872,49.624],[19.873,49.629],[19.871,49.632],[19.868,49.632],[19.861,49.63],[19.854,49.63],[19.842,49.631],[19.841,49.626],[19.835,49.625],[19.828,49.622],[19.826,49.635],[19.823,49.637],[19.817,49.639],[19.815,49.641],[19.809,49.644],[19.81,49.645],[19.801,49.639],[19.801,49.637],[19.795,49.633],[19.784,49.631],[19.768,49.623],[19.751,49.619],[19.751,49.617],[19.758,49.616],[19.764,49.609],[19.767,49.609],[19.771,49.604],[19.774,49.603],[19.775,49.596],[19.773,49.593],[19.767,49.591],[19.767,49.59],[19.769,49.587],[19.776,49.586],[19.786,49.59],[19.793,49.591],[19.799,49.594],[19.809,49.595],[19.814,49.592],[19.82,49.594],[19.825,49.592],[19.833,49.594],[19.842,49.595],[19.852,49.596],[19.853,49.599],[19.863,49.599]]],[[[19.912,49.714],[19.9,49.714],[19.895,49.711],[19.889,49.711],[19.877,49.714],[19.87,49.713],[19.869,49.715],[19.863,49.712],[19.858,49.712],[19.855,49.71],[19.845,49.709],[19.84,49.71],[19.834,49.709],[19.828,49.707],[19.818,49.708],[19.796,49.706],[19.796,49.716],[19.794,49.721],[19.791,49.724],[19.786,49.723],[19.785,49.715],[19.786,49.708],[19.777,49.706],[19.778,49.702],[19.771,49.7],[19.765,49.7],[19.762,49.702],[19.757,49.695],[19.75,49.693],[19.744,49.688],[19.744,49.685],[19.738,49.683],[19.737,49.681],[19.73,49.677],[19.728,49.674],[19.723,49.672],[19.719,49.665],[19.723,49.664],[19.719,49.657],[19.719,49.655],[19.722,49.656],[19.733,49.655],[19.74,49.658],[19.748,49.656],[19.753,49.657],[19.764,49.662],[19.772,49.662],[19.774,49.666],[19.778,49.668],[19.782,49.669],[19.793,49.667],[19.794,49.669],[19.798,49.67],[19.8,49.673],[19.799,49.676],[19.802,49.678],[19.811,49.677],[19.814,49.678],[19.825,49.676],[19.843,49.675],[19.855,49.676],[19.853,49.673],[19.849,49.67],[19.851,49.666],[19.859,49.661],[19.864,49.657],[19.867,49.65],[19.874,49.642],[19.876,49.637],[19.889,49.635],[19.894,49.638],[19.901,49.641],[19.903,49.645],[19.906,49.647],[19.904,49.65],[19.905,49.659],[19.902,49.661],[19.899,49.667],[19.894,49.674],[19.89,49.677],[19.886,49.683],[19.888,49.687],[19.888,49.691],[19.893,49.691],[19.893,49.695],[19.9,49.697],[19.902,49.701],[19.909,49.707],[19.909,49.711],[19.912,49.714]]]]}},{"type":"Feature","properties":{"teryt":"1207132"},"geometry":{"type":"MultiPolygon","coordinates":[[[[20.259,49.633],[20.256,49.628],[20.26,49.628],[20.259,49.633]]],[[[20.253,49.565],[20.248,49.568],[20.247,49.572],[20.259,49.58],[20.252,49.583],[20.251,49.589],[20.262,49.592],[20.268,49.59],[20.27,49.591],[20.275,49.589],[20.266,49.587],[20.274,49.585],[20.277,49.589],[20.287,49.589],[20.295,49.592],[20.299,49.592],[20.309,49.596],[20.315,49.592],[20.321,49.591],[20.33,49.598],[20.327,49.6],[20.33,49.606],[20.324,49.61],[20.319,49.61],[20.322,49.614],[20.324,49.619],[20.311,49.62],[20.308,49.625],[20.305,49.625],[20.301,49.629],[20.304,49.634],[20.3,49.634],[20.296,49.633],[20.277,49.633],[20.275,49.63],[20.269,49.632],[20.264,49.63],[20.267,49.628],[20.255,49.626],[20.256,49.631],[20.252,49.633],[20.248,49.632],[20.246,49.628],[20.245,49.622],[20.243,49.62],[20.243,49.619],[20.237,49.614],[20.236,49.609],[20.239,49.607],[20.237,49.595],[20.229,49.588],[20.221,49.581],[20.218,49.572],[20.219,49.566],[20.216,49.563],[20.204,49.562],[20.197,49.559],[20.19,49.559],[20.181,49.558],[20.174,49.559],[20.161,49.562],[20.151,49.56],[20.146,49.558],[20.14,49.553],[20.131,49.55],[20.119,49.549],[20.12,49.545],[20.123,49.545],[20.136,49.545],[20.14,49.544],[20.145,49.544],[20.149,49.543],[20.158,49.548],[20.17,49.547],[20.177,49.549],[20.183,49.55],[20.189,49.55],[20.199,49.551],[20.204,49.55],[20.214,49.551],[20.225,49.556],[20.239,49.558],[20.247,49.561],[20.253,49.565]]]]}},{"type":"Feature","properties":{"teryt":"1203033"},"geometry":{"type":"Polygon","coordinates":[[[19.368,50.099],[19.368,50.101],[19.37,50.104],[19.378,50.103],[19.382,50.104],[19.385,50.102],[19.393,50.103],[19.398,50.104],[19.411,50.097],[19.415,50.094],[19.42,50.093],[19.421,50.093],[19.42,50.093],[19.423,50.089],[19.422,50.087],[19.434,50.081],[19.44,50.082],[19.454,50.079],[19.458,50.081],[19.462,50.081],[19.465,50.083],[19.471,50.085],[19.476,50.084],[19.489,50.085],[19.491,50.087],[19.499,50.088],[19.495,50.092],[19.493,50.097],[19.489,50.1],[19.491,50.104],[19.485,50.104],[19.48,50.104],[19.471,50.107],[19.467,50.11],[19.465,50.114],[19.46,50.115],[19.454,50.12],[19.447,50.12],[19.445,50.117],[19.442,50.116],[19.438,50.119],[19.439,50.122],[19.444,50.125],[19.446,50.132],[19.448,50.135],[19.445,50.137],[19.435,50.139],[19.438,50.141],[19.441,50.147],[19.436,50.149],[19.431,50.149],[19.421,50.151],[19.42,50.153],[19.423,50.156],[19.425,50.161],[19.428,50.166],[19.424,50.172],[19.424,50.175],[19.422,50.18],[19.419,50.18],[19.414,50.184],[19.407,50.186],[19.404,50.186],[19.401,50.189],[19.397,50.189],[19.388,50.192],[19.39,50.195],[19.4,50.192],[19.4,50.195],[19.387,50.2],[19.383,50.198],[19.375,50.196],[19.375,50.193],[19.364,50.191],[19.354,50.191],[19.352,50.191],[19.346,50.19],[19.337,50.19],[19.334,50.186],[19.339,50.182],[19.352,50.177],[19.361,50.178],[19.362,50.18],[19.366,50.18],[19.367,50.173],[19.362,50.172],[19.356,50.173],[19.349,50.173],[19.345,50.165],[19.35,50.165],[19.349,50.161],[19.354,50.154],[19.35,50.151],[19.345,50.15],[19.332,50.144],[19.323,50.144],[19.315,50.142],[19.302,50.142],[19.293,50.142],[19.288,50.14],[19.285,50.142],[19.278,50.144],[19.271,50.144],[19.275,50.137],[19.275,50.133],[19.28,50.131],[19.288,50.132],[19.291,50.131],[19.294,50.127],[19.322,50.129],[19.359,50.13],[19.358,50.127],[19.364,50.122],[19.372,50.12],[19.376,50.118],[19.368,50.107],[19.368,50.099]]]}},{"type":"Feature","properties":{"teryt":"1203053"},"geometry":{"type":"Polygon","coordinates":[[[19.589,50.198],[19.589,50.2],[19.585,50.206],[19.578,50.208],[19.563,50.211],[19.547,50.211],[19.542,50.21],[19.538,50.211],[19.535,50.21],[19.525,50.217],[19.531,50.222],[19.526,50.221],[19.505,50.222],[19.499,50.224],[19.492,50.227],[19.484,50.229],[19.466,50.227],[19.457,50.225],[19.451,50.225],[19.442,50.227],[19.416,50.21],[19.417,50.201],[19.412,50.206],[19.405,50.207],[19.403,50.202],[19.399,50.2],[19.393,50.201],[19.387,50.2],[19.4,50.195],[19.4,50.192],[19.39,50.195],[19.388,50.192],[19.397,50.189],[19.401,50.189],[19.404,50.186],[19.407,50.186],[19.414,50.184],[19.419,50.18],[19.422,50.18],[19.424,50.175],[19.424,50.172],[19.428,50.166],[19.425,50.161],[19.423,50.156],[19.42,50.153],[19.421,50.151],[19.431,50.149],[19.436,50.149],[19.441,50.147],[19.438,50.141],[19.435,50.139],[19.445,50.137],[19.448,50.135],[19.446,50.132],[19.444,50.125],[19.439,50.122],[19.438,50.119],[19.442,50.116],[19.445,50.117],[19.447,50.12],[19.454,50.12],[19.46,50.115],[19.465,50.114],[19.467,50.11],[19.471,50.107],[19.48,50.104],[19.485,50.104],[19.491,50.104],[19.499,50.109],[19.516,50.118],[19.521,50.116],[19.526,50.117],[19.539,50.116],[19.536,50.118],[19.539,50.121],[19.54,50.124],[19.537,50.13],[19.533,50.134],[19.532,50.141],[19.547,50.14],[19.545,50.142],[19.541,50.16],[19.537,50.163],[19.542,50.17],[19.552,50.168],[19.56,50.169],[19.56,50.172],[19.551,50.178],[19.547,50.183],[19.547,50.184],[19.529,50.189],[19.521,50.189],[19.525,50.193],[19.531,50.194],[19.529,50.197],[19.525,50.199],[19.525,50.201],[19.536,50.201],[19.539,50.202],[19.552,50.2],[19.561,50.2],[19.568,50.201],[19.576,50.199],[19.581,50.2],[19.589,50.198]]]}},{"type":"Feature","properties":{"teryt":"1204032"},"geometry":{"type":"Polygon","coordinates":[[[20.749,50.214],[20.759,50.208],[20.763,50.211],[20.777,50.214],[20.783,50.217],[20.793,50.219],[20.8,50.212],[20.811,50.212],[20.815,50.213],[20.82,50.218],[20.824,50.217],[20.828,50.221],[20.831,50.223],[20.836,50.222],[20.837,50.225],[20.835,50.23],[20.842,50.231],[20.842,50.234],[20.838,50.24],[20.84,50.246],[20.836,50.248],[20.845,50.251],[20.847,50.253],[20.844,50.255],[20.835,50.259],[20.828,50.269],[20.83,50.274],[20.825,50.277],[20.818,50.284],[20.806,50.29],[20.797,50.29],[20.79,50.29],[20.783,50.286],[20.778,50.283],[20.775,50.278],[20.773,50.273],[20.768,50.268],[20.763,50.267],[20.754,50.265],[20.749,50.263],[20.741,50.257],[20.734,50.254],[20.728,50.25],[20.728,50.243],[20.737,50.236],[20.746,50.229],[20.751,50.222],[20.749,50.214]]]}},{"type":"Feature","properties":{"teryt":"1216063"},"geometry":{"type":"Polygon","coordinates":[[[21.133,49.848],[21.136,49.847],[21.155,49.849],[21.162,49.848],[21.17,49.846],[21.17,49.848],[21.18,49.85],[21.185,49.849],[21.195,49.851],[21.198,49.853],[21.206,49.855],[21.211,49.853],[21.217,49.853],[21.22,49.852],[21.225,49.853],[21.226,49.857],[21.228,49.861],[21.228,49.867],[21.226,49.871],[21.228,49.877],[21.225,49.884],[21.234,49.884],[21.244,49.885],[21.261,49.885],[21.266,49.887],[21.273,49.889],[21.28,49.892],[21.283,49.898],[21.288,49.909],[21.288,49.914],[21.285,49.924],[21.281,49.927],[21.278,49.928],[21.269,49.927],[21.258,49.927],[21.245,49.931],[21.231,49.929],[21.212,49.929],[21.193,49.932],[21.185,49.927],[21.18,49.928],[21.176,49.933],[21.172,49.937],[21.172,49.943],[21.166,49.946],[21.163,49.945],[21.154,49.946],[21.143,49.946],[21.128,49.947],[21.117,49.942],[21.107,49.937],[21.093,49.932],[21.094,49.929],[21.092,49.928],[21.096,49.925],[21.094,49.923],[21.08,49.921],[21.074,49.916],[21.081,49.913],[21.089,49.914],[21.094,49.91],[21.095,49.909],[21.099,49.905],[21.101,49.904],[21.103,49.904],[21.109,49.901],[21.109,49.897],[21.097,49.897],[21.092,49.893],[21.084,49.895],[21.077,49.893],[21.084,49.887],[21.089,49.887],[21.088,49.883],[21.085,49.881],[21.087,49.878],[21.085,49.873],[21.087,49.87],[21.088,49.86],[21.084,49.854],[21.082,49.847],[21.086,49.846],[21.091,49.846],[21.094,49.844],[21.103,49.843],[21.109,49.845],[21.111,49.848],[21.116,49.85],[21.133,49.848]]]}},{"type":"Feature","properties":{"teryt":"1216122"},"geometry":{"type":"Polygon","coordinates":[[[20.746,50.148],[20.758,50.148],[20.764,50.146],[20.769,50.15],[20.78,50.156],[20.785,50.161],[20.785,50.164],[20.78,50.165],[20.786,50.17],[20.793,50.168],[20.798,50.169],[20.797,50.172],[20.803,50.172],[20.801,50.168],[20.807,50.168],[20.811,50.174],[20.807,50.176],[20.808,50.178],[20.798,50.179],[20.792,50.181],[20.785,50.185],[20.779,50.195],[20.773,50.198],[20.759,50.198],[20.75,50.201],[20.748,50.206],[20.749,50.214],[20.751,50.222],[20.746,50.229],[20.737,50.236],[20.728,50.243],[20.731,50.233],[20.73,50.231],[20.723,50.229],[20.715,50.229],[20.71,50.228],[20.706,50.225],[20.704,50.218],[20.699,50.217],[20.687,50.218],[20.683,50.217],[20.68,50.214],[20.682,50.206],[20.682,50.201],[20.69,50.198],[20.699,50.191],[20.704,50.191],[20.707,50.189],[20.702,50.186],[20.703,50.184],[20.701,50.179],[20.702,50.174],[20.699,50.169],[20.699,50.166],[20.697,50.164],[20.704,50.157],[20.709,50.155],[20.73,50.15],[20.746,50.148]]]}},{"type":"Feature","properties":{"teryt":"1219043"},"geometry":{"type":"Polygon","coordinates":[[[20.209,49.988],[20.214,49.993],[20.216,49.998],[20.215,50.001],[20.219,50.007],[20.211,50.009],[20.213,50.01],[20.229,50.011],[20.257,50.02],[20.263,50.025],[20.274,50.028],[20.279,50.025],[20.285,50.028],[20.283,50.023],[20.286,50.023],[20.32,50.025],[20.317,50.039],[20.319,50.047],[20.333,50.05],[20.34,50.056],[20.344,50.056],[20.353,50.061],[20.359,50.061],[20.366,50.065],[20.364,50.068],[20.368,50.069],[20.37,50.072],[20.355,50.071],[20.354,50.073],[20.355,50.076],[20.354,50.085],[20.351,50.086],[20.353,50.09],[20.35,50.094],[20.354,50.096],[20.354,50.099],[20.348,50.1],[20.347,50.096],[20.34,50.092],[20.331,50.092],[20.324,50.094],[20.314,50.094],[20.299,50.098],[20.296,50.098],[20.292,50.094],[20.292,50.088],[20.289,50.084],[20.284,50.08],[20.275,50.077],[20.265,50.076],[20.26,50.075],[20.257,50.071],[20.255,50.066],[20.248,50.066],[20.239,50.069],[20.234,50.068],[20.229,50.059],[20.226,50.057],[20.217,50.053],[20.212,50.05],[20.21,50.045],[20.205,50.044],[20.2,50.044],[20.193,50.048],[20.184,50.048],[20.167,50.044],[20.16,50.043],[20.154,50.043],[20.142,50.037],[20.142,50.034],[20.146,50.03],[20.156,50.031],[20.157,50.029],[20.152,50.028],[20.152,50.024],[20.149,50.022],[20.15,50.02],[20.134,50.019],[20.133,50.016],[20.127,50.007],[20.117,50.002],[20.116,49.999],[20.117,49.992],[20.128,49.993],[20.132,49.992],[20.143,49.997],[20.149,49.996],[20.15,49.999],[20.155,49.997],[20.156,49.996],[20.163,49.993],[20.164,49.99],[20.174,49.988],[20.177,49.982],[20.175,49.976],[20.185,49.976],[20.194,49.975],[20.201,49.973],[20.208,49.975],[20.209,49.978],[20.207,49.981],[20.206,49.986],[20.209,49.988]]]}},{"type":"Feature","properties":{"teryt":"1219022"},"geometry":{"type":"Polygon","coordinates":[[[20.176,49.877],[20.183,49.878],[20.197,49.879],[20.194,49.874],[20.199,49.873],[20.202,49.869],[20.207,49.868],[20.219,49.869],[20.222,49.866],[20.233,49.864],[20.237,49.866],[20.249,49.864],[20.255,49.867],[20.257,49.87],[20.26,49.871],[20.262,49.875],[20.261,49.883],[20.264,49.884],[20.265,49.887],[20.268,49.888],[20.271,49.892],[20.287,49.894],[20.286,49.903],[20.286,49.904],[20.292,49.908],[20.297,49.909],[20.302,49.914],[20.305,49.913],[20.307,49.919],[20.306,49.924],[20.301,49.924],[20.301,49.926],[20.307,49.928],[20.311,49.931],[20.308,49.935],[20.309,49.938],[20.306,49.94],[20.307,49.945],[20.315,49.949],[20.315,49.953],[20.31,49.953],[20.31,49.955],[20.313,49.956],[20.311,49.962],[20.307,49.961],[20.291,49.959],[20.283,49.96],[20.279,49.962],[20.274,49.963],[20.275,49.968],[20.269,49.965],[20.266,49.967],[20.258,49.971],[20.244,49.979],[20.237,49.978],[20.23,49.981],[20.223,49.981],[20.218,49.983],[20.221,49.986],[20.209,49.988],[20.206,49.986],[20.207,49.981],[20.209,49.978],[20.208,49.975],[20.201,49.973],[20.194,49.975],[20.193,49.972],[20.195,49.97],[20.195,49.965],[20.2,49.963],[20.196,49.96],[20.196,49.958],[20.198,49.952],[20.195,49.952],[20.195,49.945],[20.193,49.942],[20.193,49.936],[20.19,49.936],[20.184,49.938],[20.178,49.936],[20.178,49.933],[20.168,49.933],[20.163,49.93],[20.162,49.928],[20.166,49.926],[20.168,49.923],[20.166,49.921],[20.162,49.922],[20.15,49.922],[20.142,49.927],[20.137,49.927],[20.135,49.926],[20.126,49.926],[20.121,49.924],[20.119,49.922],[20.11,49.921],[20.112,49.915],[20.117,49.915],[20.119,49.912],[20.115,49.908],[20.117,49.903],[20.113,49.903],[20.113,49.901],[20.12,49.896],[20.122,49.891],[20.13,49.888],[20.133,49.889],[20.144,49.889],[20.156,49.889],[20.162,49.893],[20.168,49.894],[20.171,49.89],[20.178,49.888],[20.181,49.888],[20.185,49.886],[20.175,49.885],[20.174,49.881],[20.176,49.877]]]}},{"type":"Feature","properties":{"teryt":"1206123"},"geometry":{"type":"Polygon","coordinates":[[[20.03,50.202],[20.041,50.197],[20.046,50.197],[20.053,50.194],[20.065,50.195],[20.07,50.196],[20.087,50.194],[20.092,50.192],[20.092,50.19],[20.1,50.19],[20.1,50.186],[20.107,50.188],[20.12,50.186],[20.127,50.186],[20.118,50.19],[20.121,50.198],[20.133,50.196],[20.141,50.204],[20.146,50.203],[20.148,50.206],[20.156,50.204],[20.158,50.215],[20.163,50.224],[20.172,50.222],[20.172,50.225],[20.163,50.228],[20.158,50.227],[20.154,50.227],[20.153,50.231],[20.15,50.233],[20.145,50.234],[20.145,50.238],[20.135,50.242],[20.133,50.246],[20.134,50.252],[20.127,50.259],[20.126,50.261],[20.132,50.267],[20.138,50.271],[20.145,50.272],[20.157,50.272],[20.163,50.273],[20.163,50.275],[20.173,50.276],[20.174,50.283],[20.177,50.284],[20.178,50.289],[20.177,50.29],[20.173,50.292],[20.164,50.295],[20.155,50.297],[20.155,50.3],[20.15,50.3],[20.149,50.296],[20.145,50.297],[20.143,50.302],[20.131,50.304],[20.131,50.301],[20.121,50.305],[20.116,50.304],[20.114,50.302],[20.11,50.304],[20.112,50.307],[20.121,50.306],[20.124,50.31],[20.126,50.313],[20.122,50.315],[20.117,50.31],[20.09,50.307],[20.093,50.304],[20.098,50.304],[20.096,50.297],[20.078,50.298],[20.074,50.294],[20.047,50.298],[20.041,50.295],[20.034,50.293],[20.032,50.294],[20.023,50.294],[20.019,50.294],[20.016,50.289],[20.01,50.286],[19.996,50.283],[19.995,50.28],[20.006,50.279],[20.012,50.271],[20.01,50.264],[20.011,50.261],[20.008,50.257],[20.017,50.255],[20.022,50.241],[20.024,50.241],[20.029,50.225],[20.034,50.22],[20.027,50.215],[20.026,50.212],[20.023,50.211],[20.018,50.207],[20.03,50.202]]]}},{"type":"Feature","properties":{"teryt":"1207092"},"geometry":{"type":"Polygon","coordinates":[[[20.077,49.651],[20.083,49.651],[20.099,49.644],[20.098,49.638],[20.103,49.633],[20.11,49.633],[20.125,49.623],[20.134,49.621],[20.141,49.617],[20.146,49.616],[20.149,49.612],[20.152,49.604],[20.155,49.598],[20.154,49.592],[20.153,49.591],[20.158,49.585],[20.163,49.583],[20.166,49.577],[20.173,49.57],[20.175,49.571],[20.18,49.565],[20.174,49.559],[20.181,49.558],[20.19,49.559],[20.197,49.559],[20.204,49.562],[20.216,49.563],[20.219,49.566],[20.218,49.572],[20.221,49.581],[20.229,49.588],[20.237,49.595],[20.239,49.607],[20.236,49.609],[20.237,49.614],[20.243,49.619],[20.243,49.62],[20.224,49.624],[20.222,49.626],[20.225,49.629],[20.219,49.631],[20.212,49.629],[20.208,49.629],[20.206,49.631],[20.205,49.639],[20.193,49.643],[20.19,49.647],[20.19,49.654],[20.186,49.656],[20.182,49.661],[20.181,49.665],[20.172,49.665],[20.168,49.668],[20.174,49.671],[20.178,49.676],[20.183,49.683],[20.179,49.691],[20.18,49.701],[20.177,49.708],[20.177,49.715],[20.17,49.714],[20.163,49.716],[20.158,49.723],[20.154,49.728],[20.154,49.731],[20.139,49.738],[20.127,49.744],[20.116,49.744],[20.111,49.745],[20.107,49.743],[20.105,49.74],[20.104,49.735],[20.101,49.733],[20.096,49.732],[20.092,49.733],[20.083,49.731],[20.079,49.732],[20.073,49.731],[20.07,49.733],[20.058,49.737],[20.056,49.737],[20.051,49.741],[20.04,49.747],[20.033,49.742],[20.031,49.738],[20.027,49.737],[20.026,49.734],[20.021,49.73],[20.025,49.727],[20.025,49.72],[20.017,49.712],[20.012,49.712],[20.008,49.71],[20.002,49.701],[20.003,49.699],[20.008,49.696],[20.008,49.691],[20.011,49.688],[20.01,49.683],[20.012,49.68],[20.011,49.676],[20.012,49.672],[20.007,49.666],[20.003,49.658],[20.001,49.655],[19.995,49.653],[19.992,49.654],[19.991,49.649],[20,49.641],[20.004,49.635],[20.006,49.627],[20.005,49.625],[19.998,49.625],[19.998,49.62],[20,49.619],[19.999,49.613],[20.003,49.607],[20.011,49.603],[20.014,49.598],[20.015,49.591],[20.02,49.589],[20.022,49.584],[20.026,49.581],[20.025,49.578],[20.028,49.573],[20.031,49.572],[20.037,49.568],[20.037,49.58],[20.041,49.587],[20.043,49.588],[20.046,49.595],[20.052,49.601],[20.05,49.602],[20.05,49.611],[20.053,49.613],[20.052,49.616],[20.058,49.624],[20.057,49.626],[20.051,49.629],[20.048,49.636],[20.05,49.639],[20.045,49.644],[20.05,49.649],[20.058,49.65],[20.054,49.655],[20.058,49.658],[20.056,49.662],[20.046,49.66],[20.036,49.659],[20.033,49.661],[20.028,49.662],[20.028,49.669],[20.03,49.67],[20.035,49.676],[20.033,49.681],[20.042,49.685],[20.044,49.687],[20.043,49.691],[20.045,49.694],[20.054,49.7],[20.063,49.704],[20.071,49.703],[20.076,49.704],[20.081,49.706],[20.086,49.71],[20.099,49.713],[20.101,49.709],[20.108,49.704],[20.118,49.7],[20.121,49.695],[20.131,49.686],[20.127,49.684],[20.116,49.679],[20.113,49.679],[20.104,49.674],[20.097,49.674],[20.092,49.672],[20.081,49.665],[20.078,49.659],[20.074,49.655],[20.077,49.651]]]}},{"type":"Feature","properties":{"teryt":"1211112"},"geometry":{"type":"Polygon","coordinates":[[[19.94,49.568],[19.94,49.572],[19.935,49.574],[19.932,49.573],[19.927,49.573],[19.92,49.579],[19.912,49.579],[19.909,49.585],[19.915,49.588],[19.922,49.596],[19.929,49.597],[19.926,49.601],[19.928,49.608],[19.927,49.61],[19.923,49.616],[19.92,49.623],[19.913,49.626],[19.91,49.628],[19.901,49.633],[19.899,49.635],[19.894,49.638],[19.889,49.635],[19.876,49.637],[19.871,49.632],[19.873,49.629],[19.872,49.624],[19.874,49.616],[19.869,49.612],[19.866,49.605],[19.863,49.599],[19.865,49.598],[19.865,49.594],[19.871,49.594],[19.872,49.589],[19.875,49.584],[19.871,49.582],[19.867,49.578],[19.856,49.572],[19.856,49.57],[19.849,49.565],[19.85,49.563],[19.845,49.557],[19.845,49.551],[19.843,49.545],[19.837,49.544],[19.835,49.545],[19.828,49.548],[19.827,49.55],[19.814,49.553],[19.811,49.555],[19.807,49.555],[19.802,49.557],[19.8,49.561],[19.788,49.56],[19.771,49.556],[19.765,49.556],[19.764,49.55],[19.757,49.543],[19.76,49.533],[19.764,49.529],[19.778,49.532],[19.786,49.53],[19.792,49.531],[19.8,49.529],[19.809,49.528],[19.813,49.528],[19.807,49.525],[19.815,49.521],[19.824,49.519],[19.829,49.519],[19.831,49.517],[19.826,49.516],[19.83,49.512],[19.837,49.514],[19.843,49.515],[19.851,49.521],[19.86,49.517],[19.868,49.521],[19.874,49.518],[19.877,49.519],[19.883,49.516],[19.885,49.518],[19.892,49.516],[19.899,49.516],[19.906,49.52],[19.91,49.52],[19.918,49.524],[19.924,49.524],[19.929,49.526],[19.935,49.525],[19.939,49.526],[19.949,49.525],[19.957,49.529],[19.958,49.527],[19.966,49.528],[19.966,49.534],[19.969,49.536],[19.97,49.54],[19.964,49.543],[19.957,49.547],[19.942,49.553],[19.938,49.552],[19.933,49.555],[19.94,49.561],[19.94,49.568]]]}},{"type":"Feature","properties":{"teryt":"1211072"},"geometry":{"type":"Polygon","coordinates":[[[19.641,49.458],[19.648,49.465],[19.652,49.472],[19.651,49.475],[19.645,49.481],[19.638,49.487],[19.633,49.494],[19.628,49.499],[19.624,49.504],[19.621,49.506],[19.614,49.512],[19.609,49.517],[19.601,49.521],[19.599,49.524],[19.601,49.528],[19.597,49.532],[19.593,49.536],[19.592,49.54],[19.579,49.541],[19.576,49.543],[19.577,49.545],[19.574,49.55],[19.567,49.551],[19.565,49.554],[19.568,49.559],[19.571,49.561],[19.577,49.561],[19.583,49.563],[19.588,49.564],[19.607,49.568],[19.603,49.571],[19.6,49.575],[19.596,49.578],[19.593,49.579],[19.589,49.584],[19.582,49.588],[19.577,49.586],[19.572,49.587],[19.563,49.585],[19.56,49.58],[19.549,49.577],[19.544,49.576],[19.529,49.573],[19.53,49.571],[19.527,49.561],[19.53,49.549],[19.529,49.541],[19.53,49.536],[19.536,49.531],[19.535,49.526],[19.542,49.523],[19.542,49.519],[19.549,49.513],[19.552,49.508],[19.554,49.499],[19.554,49.49],[19.557,49.487],[19.562,49.482],[19.565,49.481],[19.569,49.475],[19.567,49.472],[19.569,49.47],[19.571,49.469],[19.572,49.468],[19.573,49.467],[19.573,49.466],[19.575,49.464],[19.579,49.462],[19.581,49.46],[19.582,49.458],[19.582,49.455],[19.588,49.458],[19.593,49.459],[19.599,49.458],[19.605,49.454],[19.607,49.451],[19.611,49.447],[19.625,49.45],[19.641,49.458]]]}},{"type":"Feature","properties":{"teryt":"1215082"},"geometry":{"type":"Polygon","coordinates":[[[19.582,49.588],[19.592,49.593],[19.596,49.599],[19.594,49.604],[19.587,49.613],[19.589,49.618],[19.59,49.623],[19.595,49.623],[19.609,49.622],[19.619,49.624],[19.628,49.626],[19.637,49.626],[19.644,49.628],[19.656,49.627],[19.662,49.632],[19.665,49.633],[19.672,49.637],[19.676,49.641],[19.668,49.645],[19.669,49.649],[19.667,49.65],[19.667,49.654],[19.67,49.657],[19.665,49.658],[19.663,49.66],[19.673,49.661],[19.669,49.666],[19.671,49.671],[19.669,49.677],[19.669,49.68],[19.666,49.682],[19.668,49.685],[19.665,49.687],[19.652,49.681],[19.644,49.68],[19.642,49.678],[19.636,49.68],[19.629,49.681],[19.625,49.685],[19.618,49.686],[19.613,49.688],[19.618,49.692],[19.61,49.696],[19.604,49.696],[19.592,49.699],[19.58,49.697],[19.573,49.695],[19.572,49.692],[19.562,49.685],[19.551,49.682],[19.544,49.678],[19.538,49.678],[19.532,49.673],[19.524,49.672],[19.52,49.673],[19.507,49.668],[19.501,49.669],[19.493,49.667],[19.485,49.661],[19.478,49.661],[19.477,49.656],[19.469,49.648],[19.469,49.644],[19.471,49.641],[19.475,49.639],[19.479,49.632],[19.481,49.624],[19.475,49.621],[19.472,49.617],[19.467,49.614],[19.471,49.609],[19.475,49.605],[19.474,49.602],[19.468,49.597],[19.473,49.594],[19.478,49.588],[19.485,49.586],[19.493,49.584],[19.497,49.582],[19.504,49.582],[19.51,49.581],[19.515,49.578],[19.518,49.573],[19.522,49.572],[19.529,49.573],[19.544,49.576],[19.549,49.577],[19.56,49.58],[19.563,49.585],[19.572,49.587],[19.577,49.586],[19.582,49.588]]]}},{"type":"Feature","properties":{"teryt":"1213052"},"geometry":{"type":"Polygon","coordinates":[[[19.308,49.919],[19.312,49.919],[19.314,49.916],[19.319,49.916],[19.325,49.918],[19.331,49.923],[19.346,49.922],[19.347,49.92],[19.357,49.92],[19.356,49.927],[19.358,49.938],[19.357,49.942],[19.354,49.945],[19.35,49.947],[19.35,49.949],[19.345,49.956],[19.346,49.963],[19.333,49.964],[19.324,49.963],[19.315,49.962],[19.31,49.961],[19.304,49.96],[19.289,49.961],[19.286,49.963],[19.275,49.965],[19.258,49.973],[19.257,49.975],[19.249,49.969],[19.241,49.966],[19.238,49.962],[19.232,49.964],[19.23,49.963],[19.227,49.967],[19.223,49.965],[19.218,49.967],[19.22,49.966],[19.219,49.961],[19.224,49.958],[19.226,49.956],[19.225,49.951],[19.221,49.947],[19.217,49.938],[19.221,49.938],[19.225,49.935],[19.239,49.933],[19.243,49.931],[19.252,49.929],[19.261,49.932],[19.271,49.928],[19.294,49.924],[19.306,49.921],[19.308,49.919]]]}},{"type":"Feature","properties":{"teryt":"1213093"},"geometry":{"type":"Polygon","coordinates":[[[19.422,49.956],[19.419,49.954],[19.421,49.95],[19.431,49.946],[19.446,49.941],[19.452,49.937],[19.461,49.939],[19.467,49.941],[19.464,49.945],[19.466,49.952],[19.477,49.949],[19.472,49.953],[19.464,49.957],[19.471,49.97],[19.467,49.972],[19.472,49.98],[19.47,49.988],[19.475,49.992],[19.473,49.994],[19.476,50.002],[19.476,50.006],[19.482,50.009],[19.481,50.013],[19.483,50.02],[19.488,50.02],[19.493,50.021],[19.495,50.025],[19.5,50.023],[19.505,50.024],[19.506,50.027],[19.51,50.026],[19.507,50.035],[19.502,50.036],[19.498,50.033],[19.495,50.029],[19.492,50.027],[19.48,50.027],[19.475,50.029],[19.472,50.031],[19.473,50.038],[19.468,50.04],[19.463,50.039],[19.462,50.032],[19.456,50.03],[19.45,50.032],[19.444,50.033],[19.438,50.031],[19.437,50.025],[19.432,50.025],[19.43,50.031],[19.427,50.035],[19.421,50.034],[19.42,50.029],[19.415,50.028],[19.411,50.028],[19.406,50.031],[19.399,50.028],[19.396,50.027],[19.396,50.021],[19.403,50.016],[19.405,50.012],[19.405,50.001],[19.403,49.995],[19.4,49.988],[19.391,49.989],[19.39,49.984],[19.393,49.981],[19.391,49.979],[19.395,49.971],[19.397,49.968],[19.4,49.961],[19.412,49.964],[19.412,49.961],[19.415,49.955],[19.421,49.959],[19.422,49.956]]]}},{"type":"Feature","properties":{"teryt":"1208012"},"geometry":{"type":"Polygon","coordinates":[[[19.938,50.355],[19.947,50.363],[19.952,50.365],[19.951,50.368],[19.952,50.373],[19.963,50.373],[19.976,50.38],[19.982,50.379],[19.983,50.405],[19.969,50.41],[19.976,50.417],[19.981,50.415],[19.991,50.423],[19.99,50.43],[19.995,50.437],[20.002,50.44],[19.992,50.445],[19.969,50.443],[19.967,50.447],[19.956,50.449],[19.95,50.449],[19.942,50.452],[19.936,50.452],[19.927,50.455],[19.915,50.456],[19.911,50.457],[19.907,50.457],[19.905,50.45],[19.9,50.454],[19.897,50.452],[19.877,50.449],[19.855,50.448],[19.852,50.447],[19.85,50.444],[19.854,50.435],[19.845,50.434],[19.845,50.431],[19.848,50.425],[19.843,50.425],[19.843,50.416],[19.847,50.415],[19.847,50.41],[19.853,50.407],[19.851,50.403],[19.846,50.403],[19.841,50.4],[19.836,50.399],[19.85,50.394],[19.851,50.393],[19.862,50.393],[19.868,50.389],[19.872,50.395],[19.88,50.393],[19.885,50.393],[19.886,50.395],[19.891,50.395],[19.891,50.393],[19.898,50.392],[19.9,50.387],[19.896,50.38],[19.896,50.377],[19.904,50.378],[19.905,50.377],[19.914,50.376],[19.92,50.373],[19.92,50.366],[19.922,50.363],[19.918,50.356],[19.938,50.355]],[[19.881,50.399],[19.887,50.398],[19.886,50.395],[19.88,50.396],[19.881,50.399]]]}},{"type":"Feature","properties":{"teryt":"1202033"},"geometry":{"type":"Polygon","coordinates":[[[20.646,49.795],[20.647,49.799],[20.655,49.803],[20.666,49.806],[20.67,49.8],[20.684,49.8],[20.689,49.802],[20.693,49.807],[20.701,49.805],[20.713,49.807],[20.712,49.811],[20.714,49.818],[20.711,49.828],[20.702,49.83],[20.699,49.832],[20.698,49.837],[20.705,49.834],[20.711,49.836],[20.712,49.838],[20.715,49.851],[20.718,49.853],[20.733,49.856],[20.736,49.861],[20.735,49.864],[20.732,49.864],[20.731,49.868],[20.727,49.868],[20.723,49.875],[20.718,49.876],[20.723,49.881],[20.717,49.886],[20.708,49.891],[20.702,49.888],[20.697,49.892],[20.702,49.895],[20.698,49.898],[20.693,49.894],[20.688,49.892],[20.691,49.891],[20.679,49.886],[20.677,49.883],[20.673,49.881],[20.667,49.878],[20.672,49.876],[20.679,49.873],[20.681,49.87],[20.677,49.868],[20.675,49.868],[20.667,49.869],[20.662,49.869],[20.661,49.866],[20.655,49.867],[20.648,49.864],[20.638,49.866],[20.632,49.865],[20.622,49.871],[20.617,49.868],[20.608,49.866],[20.596,49.861],[20.588,49.856],[20.579,49.855],[20.576,49.853],[20.578,49.852],[20.581,49.846],[20.579,49.838],[20.587,49.837],[20.598,49.837],[20.605,49.833],[20.606,49.833],[20.61,49.834],[20.611,49.834],[20.622,49.836],[20.623,49.833],[20.622,49.826],[20.631,49.821],[20.634,49.818],[20.63,49.812],[20.624,49.81],[20.624,49.806],[20.619,49.805],[20.618,49.798],[20.622,49.797],[20.625,49.793],[20.624,49.789],[20.63,49.789],[20.632,49.793],[20.63,49.796],[20.646,49.795]]]}},{"type":"Feature","properties":{"teryt":"1201042"},"geometry":{"type":"Polygon","coordinates":[[[20.522,49.829],[20.518,49.834],[20.535,49.834],[20.542,49.835],[20.553,49.835],[20.565,49.838],[20.579,49.838],[20.581,49.846],[20.578,49.852],[20.576,49.853],[20.566,49.858],[20.563,49.861],[20.56,49.87],[20.556,49.875],[20.557,49.879],[20.554,49.881],[20.555,49.885],[20.557,49.887],[20.553,49.889],[20.544,49.889],[20.534,49.89],[20.526,49.89],[20.528,49.895],[20.522,49.898],[20.517,49.892],[20.511,49.893],[20.505,49.892],[20.497,49.894],[20.496,49.891],[20.498,49.887],[20.483,49.888],[20.469,49.885],[20.468,49.877],[20.469,49.871],[20.472,49.869],[20.467,49.865],[20.47,49.861],[20.468,49.858],[20.475,49.855],[20.477,49.849],[20.465,49.841],[20.462,49.841],[20.462,49.838],[20.458,49.829],[20.458,49.824],[20.464,49.817],[20.469,49.807],[20.468,49.801],[20.474,49.802],[20.479,49.801],[20.483,49.798],[20.49,49.798],[20.494,49.799],[20.499,49.798],[20.516,49.799],[20.518,49.798],[20.518,49.8],[20.522,49.803],[20.526,49.804],[20.53,49.808],[20.534,49.812],[20.535,49.814],[20.528,49.819],[20.527,49.821],[20.521,49.826],[20.522,49.829]]]}},{"type":"Feature","properties":{"teryt":"1204062"},"geometry":{"type":"Polygon","coordinates":[[[21.095,50.177],[21.091,50.177],[21.09,50.174],[21.091,50.169],[21.089,50.167],[21.078,50.164],[21.076,50.16],[21.071,50.157],[21.068,50.156],[21.069,50.152],[21.072,50.151],[21.075,50.146],[21.075,50.135],[21.074,50.131],[21.093,50.126],[21.111,50.119],[21.108,50.117],[21.107,50.113],[21.14,50.115],[21.139,50.121],[21.137,50.124],[21.128,50.127],[21.127,50.129],[21.132,50.136],[21.152,50.148],[21.153,50.149],[21.171,50.177],[21.165,50.181],[21.168,50.189],[21.167,50.2],[21.167,50.202],[21.171,50.207],[21.171,50.209],[21.163,50.217],[21.163,50.223],[21.155,50.226],[21.152,50.229],[21.149,50.23],[21.142,50.238],[21.147,50.239],[21.155,50.238],[21.179,50.238],[21.182,50.239],[21.182,50.241],[21.178,50.242],[21.163,50.247],[21.154,50.253],[21.146,50.257],[21.139,50.256],[21.134,50.258],[21.126,50.259],[21.11,50.25],[21.104,50.248],[21.094,50.256],[21.088,50.26],[21.079,50.263],[21.076,50.258],[21.073,50.256],[21.063,50.252],[21.055,50.248],[21.052,50.243],[21.053,50.242],[21.06,50.24],[21.066,50.236],[21.069,50.234],[21.071,50.227],[21.072,50.22],[21.075,50.218],[21.076,50.211],[21.078,50.209],[21.088,50.207],[21.086,50.199],[21.081,50.198],[21.078,50.195],[21.072,50.193],[21.074,50.189],[21.084,50.189],[21.086,50.186],[21.09,50.186],[21.095,50.177]]]}},{"type":"Feature","properties":{"teryt":"1206012"},"geometry":{"type":"Polygon","coordinates":[[[19.761,49.98],[19.762,49.984],[19.754,49.995],[19.755,50.001],[19.752,50.005],[19.742,50.005],[19.744,50.009],[19.735,50.011],[19.731,50.014],[19.722,50.016],[19.715,50.016],[19.715,50.021],[19.712,50.035],[19.707,50.033],[19.704,50.038],[19.702,50.05],[19.698,50.051],[19.692,50.05],[19.685,50.05],[19.68,50.052],[19.68,50.056],[19.677,50.059],[19.667,50.062],[19.661,50.065],[19.658,50.066],[19.65,50.065],[19.638,50.065],[19.609,50.064],[19.605,50.062],[19.606,50.059],[19.605,50.058],[19.607,50.055],[19.606,50.051],[19.608,50.049],[19.612,50.048],[19.619,50.044],[19.621,50.041],[19.627,50.038],[19.628,50.034],[19.623,50.029],[19.614,50.032],[19.605,50.033],[19.601,50.033],[19.592,50.028],[19.585,50.021],[19.576,50.021],[19.559,50.02],[19.558,50.019],[19.561,50.013],[19.56,50.012],[19.564,50.008],[19.566,50.002],[19.574,49.997],[19.577,49.99],[19.581,49.989],[19.589,49.989],[19.592,49.991],[19.592,49.997],[19.595,49.997],[19.597,50.001],[19.603,49.998],[19.603,49.993],[19.605,49.988],[19.601,49.982],[19.604,49.981],[19.611,49.981],[19.623,49.985],[19.627,49.984],[19.631,49.98],[19.637,49.981],[19.639,49.99],[19.646,49.991],[19.65,49.989],[19.651,49.984],[19.653,49.981],[19.657,49.981],[19.664,49.981],[19.669,49.979],[19.675,49.975],[19.681,49.977],[19.679,49.985],[19.685,49.987],[19.688,49.985],[19.691,49.979],[19.695,49.978],[19.7,49.979],[19.705,49.985],[19.708,49.987],[19.715,49.984],[19.717,49.981],[19.721,49.976],[19.726,49.975],[19.735,49.978],[19.744,49.977],[19.746,49.978],[19.751,49.982],[19.754,49.983],[19.759,49.982],[19.761,49.98]]]}},{"type":"Feature","properties":{"teryt":"1206052"},"geometry":{"type":"Polygon","coordinates":[[[20.042,50.114],[20.047,50.109],[20.052,50.111],[20.054,50.113],[20.059,50.115],[20.07,50.113],[20.079,50.113],[20.076,50.11],[20.078,50.108],[20.088,50.114],[20.094,50.115],[20.096,50.119],[20.108,50.117],[20.12,50.117],[20.121,50.109],[20.128,50.107],[20.143,50.107],[20.147,50.114],[20.154,50.119],[20.16,50.122],[20.172,50.12],[20.185,50.117],[20.193,50.12],[20.196,50.119],[20.201,50.12],[20.202,50.126],[20.205,50.13],[20.2,50.133],[20.195,50.134],[20.192,50.137],[20.188,50.143],[20.181,50.144],[20.18,50.147],[20.176,50.15],[20.171,50.15],[20.161,50.151],[20.16,50.154],[20.152,50.156],[20.146,50.155],[20.146,50.157],[20.148,50.162],[20.152,50.162],[20.162,50.166],[20.17,50.17],[20.168,50.176],[20.166,50.175],[20.161,50.18],[20.165,50.182],[20.167,50.184],[20.175,50.187],[20.175,50.191],[20.172,50.191],[20.165,50.195],[20.166,50.203],[20.156,50.204],[20.148,50.206],[20.146,50.203],[20.141,50.204],[20.133,50.196],[20.121,50.198],[20.118,50.19],[20.127,50.186],[20.12,50.186],[20.107,50.188],[20.1,50.186],[20.1,50.19],[20.092,50.19],[20.092,50.192],[20.087,50.194],[20.07,50.196],[20.065,50.195],[20.053,50.194],[20.046,50.197],[20.041,50.197],[20.03,50.202],[20.027,50.196],[20.029,50.192],[20.027,50.19],[20.034,50.188],[20.034,50.183],[20.041,50.184],[20.051,50.182],[20.049,50.18],[20.049,50.174],[20.058,50.169],[20.059,50.167],[20.055,50.159],[20.06,50.157],[20.058,50.154],[20.062,50.149],[20.059,50.148],[20.062,50.144],[20.055,50.141],[20.05,50.14],[20.049,50.135],[20.047,50.134],[20.049,50.131],[20.045,50.128],[20.042,50.124],[20.041,50.122],[20.043,50.114],[20.042,50.114]]]}},{"type":"Feature","properties":{"teryt":"1206092"},"geometry":{"type":"Polygon","coordinates":[[[19.85,49.931],[19.854,49.931],[19.86,49.926],[19.871,49.927],[19.876,49.925],[19.883,49.924],[19.884,49.921],[19.88,49.917],[19.886,49.916],[19.887,49.913],[19.893,49.912],[19.899,49.905],[19.9,49.904],[19.902,49.902],[19.904,49.901],[19.907,49.9],[19.915,49.899],[19.922,49.904],[19.927,49.903],[19.93,49.903],[19.93,49.905],[19.921,49.911],[19.92,49.913],[19.915,49.915],[19.913,49.918],[19.922,49.92],[19.928,49.92],[19.928,49.923],[19.931,49.924],[19.934,49.929],[19.933,49.938],[19.942,49.94],[19.944,49.943],[19.945,49.95],[19.939,49.951],[19.93,49.955],[19.929,49.959],[19.934,49.962],[19.937,49.967],[19.941,49.969],[19.942,49.974],[19.934,49.976],[19.933,49.978],[19.926,49.981],[19.919,49.98],[19.913,49.98],[19.91,49.982],[19.898,49.981],[19.888,49.981],[19.887,49.98],[19.882,49.975],[19.879,49.971],[19.869,49.973],[19.862,49.972],[19.864,49.969],[19.857,49.964],[19.854,49.958],[19.854,49.955],[19.849,49.951],[19.842,49.95],[19.841,49.955],[19.839,49.958],[19.835,49.959],[19.831,49.955],[19.829,49.947],[19.83,49.944],[19.836,49.94],[19.84,49.936],[19.839,49.933],[19.85,49.931]]]}},{"type":"Feature","properties":{"teryt":"1215092"},"geometry":{"type":"Polygon","coordinates":[[[19.449,49.796],[19.447,49.793],[19.449,49.789],[19.454,49.787],[19.458,49.782],[19.467,49.782],[19.484,49.78],[19.491,49.78],[19.497,49.777],[19.503,49.778],[19.51,49.779],[19.515,49.778],[19.518,49.772],[19.518,49.764],[19.523,49.763],[19.523,49.759],[19.528,49.76],[19.529,49.763],[19.534,49.764],[19.543,49.765],[19.55,49.767],[19.557,49.766],[19.562,49.767],[19.566,49.764],[19.572,49.761],[19.589,49.754],[19.594,49.754],[19.605,49.758],[19.609,49.76],[19.614,49.76],[19.617,49.762],[19.62,49.765],[19.62,49.771],[19.629,49.778],[19.64,49.779],[19.642,49.78],[19.644,49.784],[19.644,49.787],[19.649,49.794],[19.647,49.796],[19.644,49.796],[19.635,49.798],[19.628,49.798],[19.616,49.795],[19.609,49.794],[19.606,49.793],[19.599,49.796],[19.594,49.797],[19.586,49.794],[19.582,49.797],[19.573,49.797],[19.571,49.799],[19.559,49.796],[19.557,49.8],[19.547,49.799],[19.54,49.802],[19.528,49.799],[19.528,49.793],[19.509,49.787],[19.505,49.79],[19.491,49.786],[19.485,49.789],[19.475,49.789],[19.47,49.794],[19.464,49.798],[19.461,49.799],[19.456,49.798],[19.449,49.796]]]}},{"type":"Feature","properties":{"teryt":"1209082"},"geometry":{"type":"Polygon","coordinates":[[[19.912,49.714],[19.917,49.717],[19.924,49.72],[19.93,49.723],[19.943,49.726],[19.944,49.729],[19.948,49.731],[19.958,49.733],[19.959,49.738],[19.96,49.742],[19.954,49.743],[19.951,49.746],[19.948,49.746],[19.944,49.748],[19.939,49.748],[19.932,49.744],[19.93,49.751],[19.926,49.753],[19.922,49.759],[19.919,49.759],[19.918,49.762],[19.92,49.765],[19.92,49.771],[19.901,49.772],[19.896,49.771],[19.888,49.771],[19.88,49.774],[19.875,49.771],[19.87,49.767],[19.865,49.769],[19.849,49.774],[19.846,49.772],[19.84,49.767],[19.832,49.767],[19.827,49.765],[19.825,49.767],[19.818,49.769],[19.808,49.767],[19.805,49.767],[19.802,49.763],[19.791,49.763],[19.784,49.76],[19.781,49.757],[19.773,49.754],[19.772,49.753],[19.772,49.751],[19.78,49.75],[19.782,49.747],[19.788,49.742],[19.786,49.739],[19.785,49.735],[19.786,49.733],[19.791,49.731],[19.795,49.731],[19.798,49.728],[19.791,49.724],[19.794,49.721],[19.796,49.716],[19.796,49.706],[19.818,49.708],[19.828,49.707],[19.834,49.709],[19.84,49.71],[19.845,49.709],[19.855,49.71],[19.858,49.712],[19.863,49.712],[19.869,49.715],[19.87,49.713],[19.877,49.714],[19.889,49.711],[19.895,49.711],[19.9,49.714],[19.912,49.714]]]}},{"type":"Feature","properties":{"teryt":"1209073"},"geometry":{"type":"Polygon","coordinates":[[[19.825,49.803],[19.82,49.803],[19.817,49.808],[19.821,49.815],[19.822,49.826],[19.831,49.833],[19.837,49.832],[19.847,49.832],[19.856,49.836],[19.861,49.835],[19.864,49.836],[19.869,49.834],[19.873,49.838],[19.869,49.846],[19.868,49.856],[19.859,49.864],[19.86,49.867],[19.857,49.868],[19.848,49.867],[19.842,49.869],[19.833,49.868],[19.838,49.871],[19.837,49.874],[19.842,49.875],[19.843,49.878],[19.846,49.879],[19.847,49.882],[19.858,49.888],[19.858,49.892],[19.851,49.896],[19.85,49.901],[19.84,49.903],[19.835,49.906],[19.833,49.902],[19.826,49.9],[19.823,49.898],[19.824,49.894],[19.818,49.889],[19.813,49.889],[19.81,49.885],[19.809,49.881],[19.789,49.877],[19.79,49.874],[19.783,49.868],[19.778,49.867],[19.776,49.862],[19.777,49.852],[19.777,49.848],[19.766,49.843],[19.764,49.838],[19.764,49.832],[19.758,49.832],[19.758,49.83],[19.756,49.825],[19.768,49.825],[19.769,49.82],[19.757,49.82],[19.757,49.818],[19.75,49.813],[19.754,49.809],[19.756,49.804],[19.752,49.8],[19.75,49.796],[19.745,49.794],[19.743,49.791],[19.751,49.786],[19.759,49.788],[19.762,49.787],[19.774,49.788],[19.777,49.79],[19.783,49.79],[19.787,49.791],[19.799,49.791],[19.807,49.79],[19.817,49.794],[19.824,49.797],[19.825,49.803]]]}},{"type":"Feature","properties":{"teryt":"1210092"},"geometry":{"type":"Polygon","coordinates":[[[20.362,49.534],[20.373,49.536],[20.375,49.535],[20.381,49.534],[20.384,49.532],[20.391,49.531],[20.395,49.526],[20.4,49.524],[20.404,49.522],[20.406,49.518],[20.418,49.514],[20.42,49.518],[20.43,49.515],[20.445,49.514],[20.446,49.512],[20.445,49.506],[20.447,49.5],[20.444,49.497],[20.444,49.493],[20.45,49.491],[20.454,49.491],[20.46,49.488],[20.465,49.482],[20.463,49.479],[20.47,49.472],[20.473,49.47],[20.474,49.467],[20.481,49.465],[20.484,49.466],[20.495,49.467],[20.498,49.471],[20.499,49.473],[20.508,49.472],[20.513,49.473],[20.527,49.472],[20.535,49.473],[20.539,49.473],[20.543,49.484],[20.54,49.486],[20.54,49.492],[20.537,49.501],[20.541,49.502],[20.543,49.505],[20.546,49.506],[20.547,49.514],[20.545,49.517],[20.539,49.517],[20.535,49.522],[20.535,49.529],[20.538,49.532],[20.546,49.534],[20.555,49.535],[20.557,49.536],[20.559,49.541],[20.568,49.547],[20.558,49.551],[20.541,49.548],[20.533,49.549],[20.527,49.55],[20.526,49.548],[20.52,49.549],[20.513,49.555],[20.512,49.56],[20.509,49.562],[20.507,49.565],[20.503,49.567],[20.496,49.569],[20.476,49.569],[20.472,49.568],[20.473,49.574],[20.478,49.574],[20.487,49.579],[20.494,49.586],[20.488,49.589],[20.473,49.592],[20.47,49.595],[20.458,49.591],[20.448,49.593],[20.443,49.593],[20.441,49.598],[20.439,49.599],[20.436,49.605],[20.433,49.608],[20.428,49.611],[20.421,49.613],[20.417,49.612],[20.412,49.615],[20.396,49.618],[20.393,49.619],[20.382,49.62],[20.376,49.621],[20.37,49.621],[20.365,49.616],[20.368,49.614],[20.369,49.607],[20.366,49.603],[20.369,49.596],[20.37,49.589],[20.367,49.587],[20.362,49.588],[20.357,49.587],[20.365,49.58],[20.362,49.578],[20.37,49.575],[20.375,49.567],[20.383,49.565],[20.386,49.561],[20.381,49.556],[20.379,49.552],[20.368,49.548],[20.364,49.543],[20.365,49.539],[20.362,49.534]]]}},{"type":"Feature","properties":{"teryt":"1210122"},"geometry":{"type":"Polygon","coordinates":[[[20.696,49.563],[20.688,49.565],[20.682,49.563],[20.68,49.561],[20.683,49.552],[20.683,49.544],[20.692,49.544],[20.696,49.538],[20.698,49.527],[20.705,49.525],[20.708,49.523],[20.714,49.521],[20.722,49.522],[20.723,49.52],[20.735,49.513],[20.733,49.51],[20.734,49.508],[20.732,49.501],[20.728,49.498],[20.726,49.494],[20.734,49.49],[20.742,49.49],[20.743,49.488],[20.751,49.485],[20.755,49.481],[20.762,49.48],[20.771,49.482],[20.769,49.486],[20.769,49.49],[20.763,49.496],[20.766,49.498],[20.769,49.505],[20.773,49.508],[20.778,49.515],[20.781,49.524],[20.781,49.527],[20.787,49.53],[20.788,49.533],[20.797,49.533],[20.805,49.537],[20.807,49.537],[20.814,49.547],[20.822,49.548],[20.818,49.551],[20.817,49.555],[20.808,49.557],[20.8,49.557],[20.785,49.562],[20.776,49.562],[20.77,49.563],[20.764,49.567],[20.762,49.569],[20.75,49.574],[20.748,49.577],[20.746,49.574],[20.732,49.569],[20.728,49.564],[20.724,49.561],[20.718,49.555],[20.708,49.559],[20.696,49.563]]]}},{"type":"Feature","properties":{"teryt":"1211011"},"geometry":{"type":"Polygon","coordinates":[[[20.065,49.444],[20.068,49.449],[20.072,49.45],[20.074,49.455],[20.066,49.461],[20.064,49.464],[20.065,49.469],[20.063,49.472],[20.065,49.485],[20.067,49.487],[20.067,49.496],[20.067,49.504],[20.077,49.504],[20.076,49.508],[20.079,49.514],[20.084,49.516],[20.09,49.524],[20.098,49.527],[20.106,49.532],[20.1,49.532],[20.092,49.534],[20.087,49.533],[20.078,49.531],[20.067,49.531],[20.062,49.53],[20.052,49.531],[20.042,49.534],[20.036,49.535],[20.03,49.533],[20.029,49.531],[20.023,49.528],[20.016,49.528],[20.012,49.522],[20.011,49.519],[20.006,49.514],[20.004,49.508],[20.004,49.506],[20.003,49.505],[19.992,49.505],[19.99,49.501],[19.989,49.501],[19.988,49.5],[19.987,49.496],[19.986,49.489],[19.983,49.486],[19.989,49.483],[19.997,49.477],[19.998,49.473],[19.997,49.467],[19.992,49.464],[19.992,49.461],[20.004,49.455],[20.008,49.454],[20.015,49.446],[20.03,49.447],[20.042,49.446],[20.045,49.444],[20.06,49.445],[20.065,49.444]]]}},{"type":"Feature","properties":{"teryt":"1214053"},"geometry":{"type":"Polygon","coordinates":[[[20.5,50.191],[20.49,50.193],[20.477,50.199],[20.47,50.201],[20.47,50.197],[20.474,50.191],[20.466,50.192],[20.469,50.197],[20.465,50.196],[20.454,50.198],[20.452,50.193],[20.447,50.195],[20.443,50.195],[20.442,50.193],[20.437,50.193],[20.437,50.197],[20.431,50.197],[20.431,50.194],[20.427,50.193],[20.421,50.193],[20.416,50.191],[20.412,50.194],[20.412,50.198],[20.415,50.2],[20.41,50.212],[20.4,50.209],[20.397,50.211],[20.385,50.208],[20.378,50.213],[20.374,50.217],[20.378,50.22],[20.374,50.227],[20.376,50.229],[20.387,50.232],[20.392,50.236],[20.392,50.238],[20.399,50.239],[20.398,50.242],[20.386,50.244],[20.384,50.245],[20.376,50.243],[20.376,50.247],[20.368,50.249],[20.363,50.254],[20.358,50.256],[20.357,50.258],[20.358,50.253],[20.349,50.252],[20.347,50.247],[20.339,50.245],[20.34,50.236],[20.335,50.231],[20.33,50.232],[20.33,50.234],[20.323,50.234],[20.322,50.239],[20.319,50.24],[20.312,50.242],[20.312,50.245],[20.301,50.246],[20.295,50.248],[20.287,50.247],[20.278,50.247],[20.275,50.246],[20.27,50.243],[20.272,50.237],[20.276,50.237],[20.277,50.229],[20.272,50.224],[20.263,50.225],[20.26,50.225],[20.26,50.222],[20.254,50.218],[20.257,50.212],[20.253,50.21],[20.251,50.214],[20.248,50.215],[20.243,50.208],[20.245,50.204],[20.25,50.199],[20.251,50.195],[20.258,50.194],[20.259,50.192],[20.258,50.187],[20.253,50.185],[20.254,50.183],[20.246,50.182],[20.246,50.178],[20.253,50.178],[20.256,50.174],[20.267,50.175],[20.268,50.17],[20.274,50.168],[20.275,50.161],[20.279,50.159],[20.284,50.159],[20.289,50.155],[20.293,50.156],[20.307,50.155],[20.317,50.161],[20.323,50.159],[20.327,50.154],[20.331,50.158],[20.329,50.161],[20.329,50.164],[20.332,50.168],[20.336,50.168],[20.34,50.165],[20.343,50.166],[20.353,50.166],[20.363,50.163],[20.365,50.164],[20.367,50.177],[20.374,50.178],[20.381,50.177],[20.385,50.175],[20.389,50.176],[20.396,50.177],[20.4,50.176],[20.41,50.177],[20.412,50.179],[20.41,50.183],[20.418,50.184],[20.421,50.181],[20.422,50.176],[20.429,50.175],[20.43,50.171],[20.434,50.17],[20.437,50.172],[20.443,50.17],[20.454,50.174],[20.46,50.174],[20.462,50.172],[20.47,50.173],[20.476,50.177],[20.487,50.175],[20.491,50.179],[20.488,50.18],[20.488,50.183],[20.493,50.184],[20.493,50.187],[20.5,50.191]]]}},{"type":"Feature","properties":{"teryt":"1214042"},"geometry":{"type":"Polygon","coordinates":[[[20.293,50.322],[20.294,50.316],[20.293,50.309],[20.288,50.31],[20.268,50.309],[20.27,50.303],[20.262,50.303],[20.265,50.3],[20.267,50.296],[20.262,50.296],[20.258,50.293],[20.258,50.291],[20.255,50.283],[20.261,50.283],[20.259,50.28],[20.267,50.278],[20.261,50.269],[20.263,50.257],[20.258,50.258],[20.256,50.251],[20.257,50.248],[20.264,50.247],[20.272,50.246],[20.275,50.246],[20.278,50.247],[20.287,50.247],[20.295,50.248],[20.301,50.246],[20.312,50.245],[20.312,50.242],[20.319,50.24],[20.322,50.239],[20.323,50.234],[20.33,50.234],[20.33,50.232],[20.335,50.231],[20.34,50.236],[20.339,50.245],[20.347,50.247],[20.349,50.252],[20.358,50.253],[20.357,50.258],[20.353,50.264],[20.347,50.263],[20.34,50.264],[20.333,50.268],[20.332,50.272],[20.343,50.273],[20.344,50.277],[20.356,50.281],[20.362,50.281],[20.362,50.285],[20.359,50.286],[20.357,50.289],[20.349,50.29],[20.344,50.289],[20.341,50.287],[20.338,50.292],[20.341,50.299],[20.349,50.299],[20.344,50.305],[20.336,50.303],[20.333,50.305],[20.332,50.308],[20.329,50.313],[20.328,50.319],[20.311,50.321],[20.302,50.323],[20.293,50.322]]]}},{"type":"Feature","properties":{"teryt":"1214062"},"geometry":{"type":"Polygon","coordinates":[[[20.262,50.303],[20.26,50.305],[20.256,50.304],[20.25,50.305],[20.244,50.303],[20.24,50.3],[20.233,50.301],[20.22,50.301],[20.221,50.299],[20.214,50.298],[20.211,50.3],[20.201,50.298],[20.199,50.299],[20.194,50.299],[20.181,50.291],[20.177,50.29],[20.178,50.289],[20.177,50.284],[20.174,50.283],[20.173,50.276],[20.163,50.275],[20.163,50.273],[20.157,50.272],[20.145,50.272],[20.138,50.271],[20.132,50.267],[20.126,50.261],[20.127,50.259],[20.134,50.252],[20.133,50.246],[20.135,50.242],[20.145,50.238],[20.145,50.234],[20.15,50.233],[20.153,50.231],[20.154,50.227],[20.158,50.227],[20.158,50.23],[20.154,50.232],[20.156,50.238],[20.163,50.238],[20.167,50.235],[20.173,50.24],[20.177,50.245],[20.181,50.244],[20.183,50.241],[20.195,50.239],[20.197,50.24],[20.208,50.238],[20.207,50.236],[20.211,50.234],[20.218,50.237],[20.219,50.24],[20.224,50.239],[20.235,50.234],[20.245,50.233],[20.247,50.232],[20.245,50.228],[20.249,50.227],[20.247,50.224],[20.255,50.219],[20.257,50.225],[20.26,50.225],[20.263,50.225],[20.272,50.224],[20.277,50.229],[20.276,50.237],[20.272,50.237],[20.27,50.243],[20.275,50.246],[20.272,50.246],[20.264,50.247],[20.257,50.248],[20.256,50.251],[20.258,50.258],[20.263,50.257],[20.261,50.269],[20.267,50.278],[20.259,50.28],[20.261,50.283],[20.255,50.283],[20.258,50.291],[20.258,50.293],[20.262,50.296],[20.267,50.296],[20.265,50.3],[20.262,50.303]]]}},{"type":"Feature","properties":{"teryt":"1218022"},"geometry":{"type":"Polygon","coordinates":[[[19.574,49.997],[19.571,49.996],[19.57,49.989],[19.573,49.985],[19.566,49.982],[19.566,49.98],[19.581,49.975],[19.585,49.973],[19.583,49.969],[19.578,49.968],[19.575,49.966],[19.567,49.966],[19.559,49.965],[19.553,49.962],[19.549,49.967],[19.546,49.966],[19.536,49.96],[19.537,49.958],[19.537,49.955],[19.541,49.95],[19.543,49.95],[19.547,49.947],[19.544,49.944],[19.545,49.941],[19.54,49.941],[19.541,49.932],[19.542,49.932],[19.564,49.933],[19.567,49.937],[19.571,49.938],[19.572,49.933],[19.577,49.93],[19.58,49.926],[19.586,49.922],[19.589,49.922],[19.591,49.923],[19.598,49.922],[19.6,49.921],[19.601,49.92],[19.602,49.92],[19.603,49.919],[19.604,49.919],[19.616,49.919],[19.618,49.923],[19.624,49.925],[19.629,49.924],[19.636,49.924],[19.642,49.92],[19.648,49.918],[19.66,49.913],[19.662,49.915],[19.662,49.921],[19.664,49.923],[19.671,49.923],[19.681,49.926],[19.685,49.925],[19.694,49.931],[19.706,49.934],[19.712,49.927],[19.718,49.928],[19.72,49.925],[19.724,49.924],[19.729,49.925],[19.733,49.926],[19.727,49.931],[19.725,49.935],[19.724,49.94],[19.722,49.941],[19.721,49.945],[19.718,49.948],[19.719,49.958],[19.713,49.958],[19.708,49.959],[19.698,49.957],[19.699,49.953],[19.696,49.949],[19.685,49.949],[19.676,49.949],[19.676,49.952],[19.668,49.953],[19.662,49.953],[19.657,49.956],[19.658,49.957],[19.659,49.959],[19.659,49.962],[19.652,49.968],[19.66,49.975],[19.669,49.979],[19.664,49.981],[19.657,49.981],[19.653,49.981],[19.651,49.984],[19.65,49.989],[19.646,49.991],[19.639,49.99],[19.637,49.981],[19.631,49.98],[19.627,49.984],[19.623,49.985],[19.611,49.981],[19.604,49.981],[19.601,49.982],[19.605,49.988],[19.603,49.993],[19.603,49.998],[19.597,50.001],[19.595,49.997],[19.592,49.997],[19.592,49.991],[19.589,49.989],[19.581,49.989],[19.577,49.99],[19.574,49.997]]]}},{"type":"Feature","properties":{"teryt":"1206143"},"geometry":{"type":"Polygon","coordinates":[[[19.942,49.974],[19.941,49.969],[19.937,49.967],[19.934,49.962],[19.929,49.959],[19.93,49.955],[19.939,49.951],[19.945,49.95],[19.944,49.943],[19.942,49.94],[19.933,49.938],[19.934,49.929],[19.931,49.924],[19.928,49.923],[19.928,49.92],[19.922,49.92],[19.913,49.918],[19.915,49.915],[19.92,49.913],[19.921,49.911],[19.93,49.905],[19.934,49.909],[19.934,49.91],[19.933,49.912],[19.933,49.915],[19.939,49.917],[19.939,49.92],[19.944,49.924],[19.954,49.922],[19.959,49.921],[19.963,49.925],[19.967,49.927],[19.976,49.928],[19.98,49.932],[19.99,49.932],[20.001,49.931],[20,49.934],[20.007,49.941],[20.004,49.95],[20,49.951],[19.996,49.949],[19.982,49.949],[19.982,49.96],[19.969,49.96],[19.965,49.965],[19.963,49.969],[19.956,49.969],[19.942,49.974]]]}},{"type":"Feature","properties":{"teryt":"1207072"},"geometry":{"type":"Polygon","coordinates":[[[20.592,49.696],[20.59,49.7],[20.586,49.702],[20.577,49.703],[20.566,49.709],[20.562,49.71],[20.556,49.713],[20.552,49.716],[20.542,49.718],[20.535,49.718],[20.526,49.72],[20.521,49.721],[20.517,49.72],[20.506,49.721],[20.496,49.721],[20.488,49.722],[20.471,49.728],[20.465,49.727],[20.46,49.729],[20.455,49.732],[20.438,49.734],[20.438,49.738],[20.435,49.743],[20.436,49.747],[20.435,49.749],[20.437,49.752],[20.439,49.758],[20.432,49.761],[20.429,49.759],[20.424,49.76],[20.417,49.765],[20.414,49.769],[20.402,49.78],[20.398,49.78],[20.392,49.779],[20.388,49.779],[20.38,49.782],[20.377,49.781],[20.373,49.779],[20.364,49.779],[20.36,49.783],[20.352,49.788],[20.353,49.791],[20.353,49.797],[20.349,49.802],[20.347,49.807],[20.352,49.811],[20.344,49.812],[20.344,49.816],[20.33,49.818],[20.33,49.819],[20.324,49.819],[20.32,49.821],[20.315,49.823],[20.313,49.821],[20.316,49.817],[20.313,49.814],[20.3,49.811],[20.299,49.808],[20.295,49.806],[20.303,49.805],[20.306,49.803],[20.318,49.798],[20.314,49.787],[20.313,49.782],[20.311,49.78],[20.306,49.775],[20.302,49.771],[20.294,49.77],[20.293,49.763],[20.295,49.761],[20.301,49.758],[20.305,49.755],[20.316,49.751],[20.321,49.75],[20.329,49.757],[20.331,49.754],[20.334,49.753],[20.339,49.753],[20.341,49.756],[20.345,49.757],[20.347,49.754],[20.352,49.751],[20.362,49.75],[20.361,49.747],[20.361,49.74],[20.359,49.737],[20.351,49.736],[20.351,49.732],[20.358,49.73],[20.362,49.728],[20.37,49.727],[20.375,49.726],[20.382,49.728],[20.381,49.735],[20.373,49.737],[20.374,49.739],[20.38,49.742],[20.391,49.742],[20.396,49.741],[20.408,49.744],[20.408,49.742],[20.403,49.737],[20.406,49.733],[20.404,49.73],[20.409,49.728],[20.412,49.723],[20.416,49.725],[20.436,49.724],[20.44,49.72],[20.447,49.721],[20.451,49.72],[20.449,49.714],[20.452,49.712],[20.449,49.705],[20.45,49.702],[20.444,49.699],[20.448,49.696],[20.437,49.689],[20.416,49.686],[20.414,49.691],[20.409,49.693],[20.403,49.699],[20.398,49.701],[20.398,49.704],[20.403,49.709],[20.398,49.71],[20.395,49.712],[20.396,49.719],[20.38,49.717],[20.377,49.715],[20.373,49.707],[20.377,49.703],[20.376,49.7],[20.384,49.699],[20.386,49.687],[20.389,49.682],[20.385,49.678],[20.38,49.675],[20.376,49.67],[20.374,49.66],[20.376,49.656],[20.374,49.653],[20.374,49.648],[20.376,49.646],[20.375,49.643],[20.376,49.643],[20.385,49.642],[20.389,49.643],[20.394,49.643],[20.406,49.641],[20.414,49.64],[20.428,49.637],[20.431,49.635],[20.439,49.639],[20.445,49.647],[20.447,49.651],[20.454,49.655],[20.456,49.657],[20.46,49.659],[20.469,49.669],[20.47,49.672],[20.47,49.673],[20.471,49.673],[20.481,49.667],[20.485,49.668],[20.498,49.66],[20.508,49.657],[20.52,49.652],[20.526,49.651],[20.526,49.647],[20.53,49.646],[20.534,49.647],[20.542,49.64],[20.549,49.636],[20.556,49.638],[20.563,49.643],[20.573,49.644],[20.575,49.643],[20.579,49.645],[20.577,49.653],[20.569,49.653],[20.558,49.656],[20.555,49.659],[20.564,49.676],[20.57,49.676],[20.573,49.675],[20.58,49.676],[20.581,49.681],[20.583,49.685],[20.586,49.695],[20.592,49.696]]]}},{"type":"Feature","properties":{"teryt":"1211082"},"geometry":{"type":"Polygon","coordinates":[[[20.337,49.402],[20.335,49.404],[20.334,49.409],[20.328,49.41],[20.324,49.413],[20.324,49.421],[20.322,49.423],[20.317,49.426],[20.311,49.427],[20.309,49.43],[20.309,49.434],[20.306,49.434],[20.299,49.433],[20.295,49.433],[20.291,49.439],[20.285,49.441],[20.281,49.441],[20.276,49.438],[20.268,49.438],[20.258,49.439],[20.252,49.443],[20.25,49.447],[20.243,49.45],[20.24,49.454],[20.235,49.456],[20.229,49.461],[20.21,49.459],[20.199,49.456],[20.197,49.454],[20.187,49.452],[20.178,49.448],[20.19,49.436],[20.2,49.427],[20.205,49.424],[20.206,49.418],[20.212,49.418],[20.221,49.418],[20.218,49.408],[20.216,49.407],[20.205,49.406],[20.193,49.407],[20.187,49.405],[20.181,49.404],[20.174,49.405],[20.175,49.411],[20.172,49.414],[20.166,49.413],[20.156,49.414],[20.154,49.417],[20.149,49.423],[20.143,49.422],[20.139,49.42],[20.131,49.421],[20.133,49.425],[20.129,49.426],[20.126,49.42],[20.119,49.418],[20.116,49.414],[20.115,49.412],[20.113,49.405],[20.112,49.403],[20.113,49.399],[20.117,49.397],[20.131,49.392],[20.138,49.391],[20.143,49.389],[20.147,49.386],[20.155,49.386],[20.155,49.385],[20.154,49.382],[20.16,49.375],[20.165,49.373],[20.172,49.367],[20.169,49.362],[20.174,49.358],[20.175,49.354],[20.178,49.352],[20.181,49.348],[20.185,49.346],[20.187,49.34],[20.19,49.338],[20.195,49.342],[20.203,49.342],[20.213,49.345],[20.214,49.348],[20.222,49.352],[20.232,49.346],[20.241,49.348],[20.242,49.351],[20.248,49.35],[20.251,49.351],[20.26,49.348],[20.266,49.347],[20.273,49.351],[20.28,49.352],[20.284,49.351],[20.293,49.352],[20.295,49.35],[20.301,49.349],[20.308,49.344],[20.314,49.344],[20.321,49.348],[20.324,49.352],[20.323,49.356],[20.326,49.366],[20.326,49.371],[20.321,49.377],[20.327,49.386],[20.331,49.39],[20.324,49.391],[20.318,49.389],[20.318,49.393],[20.322,49.402],[20.328,49.403],[20.335,49.402],[20.337,49.402]]]}},{"type":"Feature","properties":{"teryt":"1218062"},"geometry":{"type":"Polygon","coordinates":[[[19.56,50.012],[19.554,50.015],[19.549,50.02],[19.538,50.024],[19.532,50.022],[19.525,50.023],[19.517,50.022],[19.51,50.026],[19.506,50.027],[19.505,50.024],[19.5,50.023],[19.495,50.025],[19.493,50.021],[19.488,50.02],[19.483,50.02],[19.481,50.013],[19.482,50.009],[19.476,50.006],[19.476,50.002],[19.473,49.994],[19.475,49.992],[19.47,49.988],[19.472,49.98],[19.467,49.972],[19.471,49.97],[19.464,49.957],[19.472,49.953],[19.477,49.949],[19.484,49.949],[19.493,49.945],[19.505,49.948],[19.515,49.944],[19.518,49.945],[19.523,49.954],[19.524,49.958],[19.534,49.957],[19.537,49.958],[19.536,49.96],[19.546,49.966],[19.549,49.967],[19.553,49.962],[19.559,49.965],[19.567,49.966],[19.575,49.966],[19.578,49.968],[19.583,49.969],[19.585,49.973],[19.581,49.975],[19.566,49.98],[19.566,49.982],[19.573,49.985],[19.57,49.989],[19.571,49.996],[19.574,49.997],[19.566,50.002],[19.564,50.008],[19.56,50.012]]]}},{"type":"Feature","properties":{"teryt":"1208072"},"geometry":{"type":"Polygon","coordinates":[[[20.298,50.352],[20.307,50.349],[20.313,50.349],[20.314,50.351],[20.327,50.352],[20.331,50.353],[20.332,50.358],[20.337,50.36],[20.337,50.362],[20.332,50.363],[20.332,50.365],[20.325,50.367],[20.326,50.369],[20.322,50.371],[20.322,50.378],[20.321,50.385],[20.306,50.389],[20.304,50.398],[20.295,50.404],[20.291,50.41],[20.289,50.414],[20.29,50.419],[20.276,50.422],[20.273,50.424],[20.267,50.427],[20.26,50.414],[20.258,50.413],[20.244,50.416],[20.238,50.419],[20.228,50.42],[20.228,50.415],[20.22,50.417],[20.212,50.416],[20.213,50.412],[20.208,50.409],[20.205,50.412],[20.199,50.411],[20.201,50.415],[20.19,50.416],[20.189,50.409],[20.19,50.406],[20.188,50.399],[20.183,50.398],[20.184,50.395],[20.181,50.395],[20.175,50.395],[20.167,50.394],[20.162,50.396],[20.145,50.396],[20.142,50.395],[20.128,50.395],[20.128,50.393],[20.126,50.389],[20.126,50.381],[20.128,50.379],[20.128,50.377],[20.135,50.375],[20.139,50.373],[20.138,50.369],[20.15,50.365],[20.154,50.363],[20.16,50.366],[20.166,50.363],[20.174,50.368],[20.183,50.369],[20.188,50.363],[20.192,50.362],[20.194,50.359],[20.192,50.357],[20.21,50.353],[20.213,50.353],[20.228,50.349],[20.243,50.347],[20.243,50.351],[20.252,50.356],[20.264,50.356],[20.268,50.355],[20.288,50.354],[20.292,50.351],[20.298,50.352]]]}},{"type":"Feature","properties":{"teryt":"1201032"},"geometry":{"type":"Polygon","coordinates":[[[20.508,50.104],[20.512,50.109],[20.512,50.117],[20.51,50.122],[20.501,50.129],[20.501,50.131],[20.503,50.133],[20.511,50.139],[20.494,50.134],[20.49,50.134],[20.482,50.137],[20.476,50.138],[20.471,50.138],[20.465,50.134],[20.46,50.132],[20.452,50.133],[20.448,50.136],[20.443,50.143],[20.437,50.143],[20.434,50.137],[20.427,50.134],[20.42,50.135],[20.413,50.141],[20.409,50.143],[20.402,50.142],[20.399,50.14],[20.399,50.136],[20.405,50.13],[20.404,50.126],[20.402,50.124],[20.396,50.122],[20.386,50.123],[20.379,50.121],[20.377,50.116],[20.374,50.114],[20.369,50.114],[20.362,50.118],[20.354,50.117],[20.348,50.114],[20.343,50.113],[20.34,50.109],[20.345,50.104],[20.348,50.1],[20.354,50.099],[20.354,50.096],[20.35,50.094],[20.353,50.09],[20.351,50.086],[20.354,50.085],[20.355,50.076],[20.354,50.073],[20.355,50.071],[20.37,50.072],[20.368,50.069],[20.364,50.068],[20.366,50.065],[20.38,50.065],[20.383,50.035],[20.384,50.029],[20.388,50.022],[20.389,50.019],[20.393,50.001],[20.405,50.003],[20.404,50.005],[20.417,50.007],[20.42,50.006],[20.426,50.009],[20.429,50.012],[20.428,50.017],[20.435,50.021],[20.44,50.024],[20.435,50.032],[20.439,50.032],[20.441,50.04],[20.446,50.045],[20.448,50.045],[20.452,50.043],[20.456,50.043],[20.459,50.046],[20.466,50.046],[20.467,50.048],[20.464,50.054],[20.465,50.056],[20.472,50.056],[20.475,50.053],[20.48,50.054],[20.481,50.057],[20.479,50.061],[20.48,50.064],[20.486,50.068],[20.496,50.072],[20.497,50.074],[20.493,50.079],[20.492,50.082],[20.497,50.09],[20.496,50.093],[20.498,50.096],[20.505,50.098],[20.508,50.104]]]}},{"type":"Feature","properties":{"teryt":"1206172"},"geometry":{"type":"Polygon","coordinates":[[[20.032,50.108],[20.028,50.109],[20.027,50.114],[20.025,50.119],[20.017,50.125],[20.012,50.125],[20.004,50.128],[20.005,50.13],[20.002,50.132],[19.996,50.134],[19.993,50.133],[19.988,50.134],[19.98,50.136],[19.976,50.14],[19.969,50.139],[19.966,50.144],[19.96,50.149],[19.949,50.154],[19.939,50.16],[19.936,50.159],[19.936,50.156],[19.924,50.152],[19.922,50.152],[19.924,50.161],[19.926,50.166],[19.931,50.17],[19.936,50.171],[19.939,50.17],[19.943,50.173],[19.939,50.174],[19.925,50.174],[19.917,50.181],[19.914,50.182],[19.901,50.184],[19.892,50.184],[19.889,50.183],[19.884,50.178],[19.879,50.177],[19.864,50.176],[19.864,50.174],[19.857,50.173],[19.86,50.169],[19.861,50.165],[19.87,50.159],[19.875,50.159],[19.877,50.154],[19.88,50.154],[19.887,50.151],[19.892,50.151],[19.89,50.146],[19.892,50.142],[19.898,50.14],[19.892,50.136],[19.894,50.134],[19.89,50.132],[19.889,50.127],[19.891,50.124],[19.893,50.126],[19.901,50.126],[19.909,50.118],[19.914,50.105],[19.915,50.101],[19.919,50.101],[19.928,50.105],[19.925,50.111],[19.925,50.114],[19.933,50.115],[19.94,50.116],[19.94,50.119],[19.947,50.119],[19.948,50.117],[19.958,50.108],[19.963,50.11],[19.97,50.107],[19.987,50.105],[19.993,50.107],[20.002,50.107],[20.015,50.107],[20.028,50.104],[20.032,50.108]]]}},{"type":"Feature","properties":{"teryt":"1201082"},"geometry":{"type":"Polygon","coordinates":[[[20.413,49.851],[20.412,49.855],[20.413,49.862],[20.412,49.864],[20.402,49.872],[20.395,49.871],[20.389,49.872],[20.387,49.877],[20.384,49.877],[20.381,49.882],[20.378,49.881],[20.373,49.878],[20.37,49.871],[20.364,49.869],[20.353,49.872],[20.342,49.87],[20.335,49.87],[20.333,49.866],[20.33,49.865],[20.33,49.861],[20.334,49.858],[20.33,49.853],[20.329,49.853],[20.329,49.852],[20.328,49.852],[20.328,49.851],[20.331,49.849],[20.336,49.848],[20.349,49.844],[20.348,49.843],[20.348,49.841],[20.342,49.837],[20.346,49.835],[20.345,49.829],[20.336,49.826],[20.331,49.827],[20.33,49.819],[20.33,49.818],[20.344,49.816],[20.344,49.812],[20.352,49.811],[20.347,49.807],[20.349,49.802],[20.353,49.797],[20.353,49.791],[20.352,49.788],[20.36,49.783],[20.364,49.779],[20.373,49.779],[20.377,49.781],[20.38,49.782],[20.388,49.779],[20.392,49.779],[20.398,49.78],[20.397,49.786],[20.387,49.793],[20.386,49.799],[20.384,49.804],[20.381,49.808],[20.386,49.811],[20.394,49.818],[20.386,49.822],[20.392,49.823],[20.395,49.825],[20.396,49.83],[20.399,49.832],[20.406,49.829],[20.409,49.836],[20.415,49.835],[20.422,49.836],[20.425,49.839],[20.427,49.849],[20.42,49.851],[20.413,49.851]]]}},{"type":"Feature","properties":{"teryt":"1203043"},"geometry":{"type":"Polygon","coordinates":[[[19.31,50.047],[19.314,50.046],[19.319,50.05],[19.329,50.053],[19.333,50.051],[19.335,50.047],[19.341,50.047],[19.343,50.052],[19.35,50.053],[19.351,50.051],[19.35,50.047],[19.354,50.044],[19.359,50.043],[19.362,50.047],[19.36,50.052],[19.369,50.063],[19.374,50.071],[19.37,50.074],[19.366,50.084],[19.367,50.088],[19.365,50.095],[19.368,50.099],[19.368,50.107],[19.376,50.118],[19.372,50.12],[19.364,50.122],[19.358,50.127],[19.359,50.13],[19.322,50.129],[19.294,50.127],[19.291,50.131],[19.288,50.132],[19.28,50.131],[19.275,50.133],[19.273,50.132],[19.278,50.12],[19.259,50.117],[19.263,50.107],[19.268,50.105],[19.274,50.104],[19.277,50.102],[19.275,50.099],[19.286,50.096],[19.279,50.089],[19.28,50.085],[19.286,50.084],[19.289,50.081],[19.29,50.078],[19.282,50.077],[19.285,50.073],[19.285,50.069],[19.291,50.07],[19.29,50.064],[19.282,50.065],[19.279,50.06],[19.273,50.053],[19.273,50.05],[19.276,50.048],[19.288,50.051],[19.293,50.056],[19.296,50.057],[19.3,50.056],[19.302,50.051],[19.31,50.047]]]}},{"type":"Feature","properties":{"teryt":"1216042"},"geometry":{"type":"Polygon","coordinates":[[[20.91,49.951],[20.905,49.948],[20.897,49.95],[20.885,49.951],[20.881,49.952],[20.874,49.952],[20.872,49.948],[20.868,49.945],[20.858,49.941],[20.849,49.939],[20.848,49.937],[20.849,49.932],[20.851,49.928],[20.851,49.921],[20.846,49.916],[20.832,49.915],[20.828,49.911],[20.832,49.901],[20.828,49.895],[20.828,49.89],[20.832,49.887],[20.84,49.885],[20.841,49.881],[20.846,49.884],[20.852,49.886],[20.867,49.882],[20.869,49.88],[20.875,49.879],[20.879,49.88],[20.883,49.878],[20.886,49.881],[20.896,49.881],[20.902,49.881],[20.906,49.884],[20.922,49.876],[20.929,49.873],[20.93,49.874],[20.945,49.867],[20.953,49.866],[20.96,49.868],[20.965,49.871],[20.97,49.876],[20.973,49.88],[20.982,49.885],[20.981,49.888],[20.974,49.891],[20.975,49.896],[20.968,49.897],[20.964,49.9],[20.964,49.902],[20.97,49.906],[20.974,49.906],[20.976,49.909],[20.976,49.915],[20.972,49.915],[20.979,49.932],[20.983,49.935],[20.984,49.939],[20.981,49.942],[20.983,49.952],[20.975,49.956],[20.972,49.959],[20.959,49.964],[20.955,49.964],[20.952,49.962],[20.943,49.958],[20.939,49.959],[20.928,49.96],[20.917,49.96],[20.917,49.956],[20.91,49.955],[20.91,49.951]]]}},{"type":"Feature","properties":{"teryt":"1216162"},"geometry":{"type":"Polygon","coordinates":[[[21.225,49.853],[21.22,49.852],[21.217,49.853],[21.211,49.853],[21.206,49.855],[21.198,49.853],[21.195,49.851],[21.185,49.849],[21.18,49.85],[21.17,49.848],[21.17,49.846],[21.162,49.848],[21.155,49.849],[21.136,49.847],[21.133,49.848],[21.129,49.846],[21.129,49.842],[21.133,49.841],[21.133,49.838],[21.142,49.832],[21.143,49.83],[21.154,49.824],[21.159,49.824],[21.165,49.817],[21.165,49.81],[21.17,49.803],[21.166,49.802],[21.165,49.793],[21.156,49.785],[21.158,49.782],[21.166,49.782],[21.183,49.779],[21.196,49.779],[21.205,49.781],[21.214,49.779],[21.219,49.78],[21.242,49.776],[21.245,49.78],[21.246,49.785],[21.25,49.788],[21.252,49.792],[21.256,49.792],[21.269,49.794],[21.269,49.796],[21.276,49.804],[21.281,49.806],[21.284,49.802],[21.295,49.801],[21.3,49.797],[21.308,49.796],[21.315,49.798],[21.32,49.801],[21.322,49.803],[21.33,49.804],[21.336,49.808],[21.332,49.811],[21.34,49.812],[21.349,49.815],[21.344,49.816],[21.34,49.82],[21.34,49.825],[21.336,49.827],[21.322,49.83],[21.317,49.834],[21.317,49.835],[21.297,49.843],[21.292,49.843],[21.283,49.846],[21.278,49.844],[21.27,49.843],[21.266,49.842],[21.257,49.841],[21.25,49.842],[21.247,49.845],[21.243,49.846],[21.234,49.85],[21.225,49.853]]]}},{"type":"Feature","properties":{"teryt":"1217052"},"geometry":{"type":"Polygon","coordinates":[[[19.914,49.307],[19.916,49.31],[19.923,49.311],[19.932,49.314],[19.934,49.316],[19.938,49.316],[19.939,49.318],[19.953,49.323],[19.957,49.321],[19.962,49.322],[19.976,49.325],[19.984,49.33],[19.993,49.332],[19.992,49.329],[19.995,49.326],[19.989,49.323],[19.991,49.319],[19.994,49.319],[20.005,49.317],[20.013,49.315],[20.017,49.319],[20.023,49.314],[20.024,49.311],[20.03,49.311],[20.03,49.302],[20.029,49.298],[20.038,49.297],[20.037,49.294],[20.03,49.287],[20.039,49.288],[20.042,49.285],[20.034,49.283],[20.033,49.278],[20.036,49.273],[20.035,49.268],[20.025,49.262],[20.026,49.259],[20.023,49.255],[20.02,49.249],[20.022,49.245],[20.022,49.241],[20.025,49.238],[20.029,49.235],[20.029,49.232],[20.033,49.227],[20.043,49.227],[20.048,49.229],[20.047,49.232],[20.05,49.235],[20.048,49.242],[20.053,49.244],[20.058,49.248],[20.057,49.251],[20.059,49.257],[20.062,49.26],[20.068,49.258],[20.08,49.259],[20.085,49.263],[20.09,49.264],[20.096,49.267],[20.098,49.27],[20.098,49.275],[20.103,49.279],[20.106,49.289],[20.11,49.292],[20.106,49.299],[20.102,49.305],[20.103,49.308],[20.099,49.314],[20.096,49.32],[20.092,49.324],[20.092,49.327],[20.089,49.33],[20.084,49.33],[20.079,49.333],[20.075,49.334],[20.08,49.34],[20.075,49.342],[20.064,49.344],[20.059,49.341],[20.059,49.338],[20.05,49.335],[20.045,49.339],[20.033,49.339],[20.024,49.343],[20.009,49.347],[20.002,49.348],[20.001,49.345],[19.994,49.346],[19.984,49.347],[19.978,49.347],[19.976,49.353],[19.981,49.356],[19.974,49.363],[19.963,49.36],[19.958,49.357],[19.954,49.358],[19.943,49.359],[19.942,49.354],[19.922,49.352],[19.917,49.35],[19.905,49.342],[19.9,49.34],[19.899,49.327],[19.902,49.323],[19.904,49.315],[19.902,49.312],[19.907,49.308],[19.914,49.307]]]}},{"type":"Feature","properties":{"teryt":"1216153"},"geometry":{"type":"Polygon","coordinates":[[[20.749,50.214],[20.748,50.206],[20.75,50.201],[20.759,50.198],[20.773,50.198],[20.779,50.195],[20.785,50.185],[20.792,50.181],[20.798,50.179],[20.808,50.178],[20.807,50.176],[20.811,50.174],[20.807,50.168],[20.801,50.168],[20.803,50.172],[20.797,50.172],[20.798,50.169],[20.804,50.162],[20.806,50.161],[20.813,50.163],[20.822,50.162],[20.83,50.163],[20.831,50.159],[20.829,50.156],[20.832,50.15],[20.836,50.147],[20.841,50.148],[20.842,50.144],[20.849,50.136],[20.857,50.133],[20.866,50.131],[20.871,50.128],[20.872,50.122],[20.877,50.12],[20.885,50.117],[20.885,50.114],[20.881,50.112],[20.868,50.109],[20.875,50.105],[20.885,50.104],[20.888,50.101],[20.889,50.096],[20.886,50.093],[20.886,50.089],[20.891,50.085],[20.895,50.084],[20.898,50.081],[20.899,50.074],[20.898,50.062],[20.904,50.057],[20.91,50.055],[20.914,50.054],[20.916,50.05],[20.925,50.05],[20.926,50.051],[20.93,50.054],[20.931,50.057],[20.929,50.058],[20.926,50.063],[20.927,50.065],[20.933,50.066],[20.943,50.067],[20.953,50.065],[20.959,50.065],[20.959,50.072],[20.951,50.078],[20.946,50.079],[20.942,50.085],[20.942,50.089],[20.942,50.102],[20.939,50.105],[20.942,50.108],[20.943,50.112],[20.947,50.114],[20.949,50.112],[20.957,50.112],[20.957,50.119],[20.956,50.121],[20.962,50.127],[20.955,50.131],[20.955,50.138],[20.96,50.139],[20.964,50.146],[20.949,50.148],[20.939,50.154],[20.932,50.158],[20.936,50.161],[20.934,50.165],[20.919,50.166],[20.909,50.162],[20.9,50.163],[20.881,50.161],[20.872,50.166],[20.865,50.168],[20.87,50.172],[20.876,50.179],[20.876,50.185],[20.875,50.188],[20.875,50.196],[20.87,50.197],[20.869,50.201],[20.865,50.201],[20.864,50.204],[20.855,50.206],[20.856,50.215],[20.851,50.215],[20.841,50.218],[20.841,50.219],[20.836,50.222],[20.831,50.223],[20.828,50.221],[20.824,50.217],[20.82,50.218],[20.815,50.213],[20.811,50.212],[20.8,50.212],[20.793,50.219],[20.783,50.217],[20.777,50.214],[20.763,50.211],[20.759,50.208],[20.749,50.214]]]}},{"type":"Feature","properties":{"teryt":"1204052"},"geometry":{"type":"Polygon","coordinates":[[[20.934,50.165],[20.943,50.166],[20.942,50.168],[20.956,50.17],[20.961,50.172],[20.963,50.174],[20.959,50.176],[20.96,50.18],[20.956,50.183],[20.953,50.182],[20.949,50.186],[20.958,50.188],[20.962,50.193],[20.971,50.194],[20.983,50.194],[20.985,50.201],[20.984,50.203],[20.989,50.203],[20.991,50.208],[20.99,50.213],[20.991,50.216],[20.991,50.224],[20.986,50.228],[20.987,50.232],[20.984,50.236],[20.987,50.24],[20.993,50.244],[20.995,50.247],[21.001,50.251],[20.998,50.255],[20.993,50.255],[20.986,50.253],[20.978,50.253],[20.974,50.251],[20.961,50.252],[20.941,50.248],[20.937,50.246],[20.925,50.243],[20.91,50.238],[20.895,50.237],[20.891,50.241],[20.881,50.244],[20.861,50.244],[20.848,50.247],[20.845,50.245],[20.84,50.246],[20.838,50.24],[20.842,50.234],[20.842,50.231],[20.835,50.23],[20.837,50.225],[20.836,50.222],[20.841,50.219],[20.841,50.218],[20.851,50.215],[20.856,50.215],[20.855,50.206],[20.864,50.204],[20.865,50.201],[20.869,50.201],[20.87,50.197],[20.875,50.196],[20.875,50.188],[20.876,50.185],[20.876,50.179],[20.87,50.172],[20.865,50.168],[20.872,50.166],[20.881,50.161],[20.9,50.163],[20.909,50.162],[20.919,50.166],[20.934,50.165]]]}},{"type":"Feature","properties":{"teryt":"1201092"},"geometry":{"type":"Polygon","coordinates":[[[20.462,49.841],[20.454,49.842],[20.451,49.844],[20.44,49.847],[20.434,49.847],[20.427,49.849],[20.425,49.839],[20.422,49.836],[20.415,49.835],[20.409,49.836],[20.406,49.829],[20.399,49.832],[20.396,49.83],[20.395,49.825],[20.392,49.823],[20.386,49.822],[20.394,49.818],[20.386,49.811],[20.381,49.808],[20.384,49.804],[20.386,49.799],[20.387,49.793],[20.397,49.786],[20.398,49.78],[20.402,49.78],[20.413,49.785],[20.421,49.784],[20.427,49.785],[20.444,49.785],[20.452,49.782],[20.47,49.781],[20.47,49.784],[20.474,49.785],[20.477,49.792],[20.473,49.797],[20.474,49.802],[20.468,49.801],[20.469,49.807],[20.464,49.817],[20.458,49.824],[20.458,49.829],[20.462,49.838],[20.462,49.841]]]}},{"type":"Feature","properties":{"teryt":"1208053"},"geometry":{"type":"Polygon","coordinates":[[[20.023,50.294],[20.032,50.294],[20.034,50.293],[20.041,50.295],[20.047,50.298],[20.074,50.294],[20.078,50.298],[20.096,50.297],[20.098,50.304],[20.093,50.304],[20.09,50.307],[20.117,50.31],[20.122,50.315],[20.126,50.313],[20.124,50.31],[20.121,50.306],[20.112,50.307],[20.11,50.304],[20.114,50.302],[20.116,50.304],[20.121,50.305],[20.131,50.301],[20.131,50.304],[20.143,50.302],[20.145,50.297],[20.149,50.296],[20.15,50.3],[20.155,50.3],[20.155,50.297],[20.164,50.295],[20.173,50.292],[20.177,50.29],[20.181,50.291],[20.194,50.299],[20.199,50.299],[20.202,50.304],[20.2,50.308],[20.187,50.313],[20.178,50.309],[20.153,50.316],[20.138,50.331],[20.134,50.336],[20.134,50.339],[20.142,50.343],[20.145,50.346],[20.148,50.346],[20.154,50.35],[20.162,50.358],[20.159,50.361],[20.154,50.363],[20.15,50.365],[20.138,50.369],[20.139,50.373],[20.135,50.375],[20.128,50.377],[20.128,50.379],[20.126,50.381],[20.126,50.389],[20.128,50.393],[20.11,50.393],[20.083,50.394],[20.082,50.392],[20.076,50.393],[20.038,50.398],[20.038,50.409],[20.042,50.41],[20.027,50.416],[20.028,50.419],[20.025,50.421],[20.014,50.411],[20.013,50.412],[20.008,50.426],[20,50.425],[19.996,50.427],[19.991,50.423],[19.981,50.415],[19.976,50.417],[19.969,50.41],[19.983,50.405],[19.982,50.379],[19.976,50.38],[19.963,50.373],[19.952,50.373],[19.951,50.368],[19.952,50.365],[19.947,50.363],[19.938,50.355],[19.941,50.349],[19.959,50.348],[19.971,50.346],[19.968,50.343],[19.971,50.342],[19.977,50.335],[19.978,50.332],[19.972,50.331],[19.969,50.331],[19.967,50.328],[19.968,50.324],[19.966,50.317],[19.968,50.315],[19.965,50.311],[19.974,50.311],[19.988,50.311],[19.993,50.311],[20.005,50.308],[20.004,50.304],[20.007,50.299],[20.023,50.296],[20.023,50.294]]]}},{"type":"Feature","properties":{"teryt":"1209022"},"geometry":{"type":"Polygon","coordinates":[[[19.958,49.733],[19.948,49.731],[19.944,49.729],[19.943,49.726],[19.93,49.723],[19.924,49.72],[19.917,49.717],[19.912,49.714],[19.909,49.711],[19.909,49.707],[19.902,49.701],[19.9,49.697],[19.893,49.695],[19.893,49.691],[19.888,49.691],[19.888,49.687],[19.886,49.683],[19.89,49.677],[19.894,49.674],[19.899,49.667],[19.902,49.661],[19.905,49.659],[19.904,49.65],[19.906,49.647],[19.903,49.645],[19.901,49.641],[19.894,49.638],[19.899,49.635],[19.901,49.633],[19.91,49.628],[19.913,49.626],[19.92,49.623],[19.925,49.623],[19.93,49.621],[19.939,49.622],[19.939,49.62],[19.947,49.618],[19.95,49.623],[19.947,49.629],[19.947,49.634],[19.956,49.641],[19.951,49.645],[19.948,49.65],[19.947,49.659],[19.955,49.661],[19.962,49.66],[19.971,49.661],[19.978,49.658],[19.992,49.654],[19.995,49.653],[20.001,49.655],[20.003,49.658],[20.007,49.666],[20.012,49.672],[20.011,49.676],[20.012,49.68],[20.01,49.683],[20.011,49.688],[20.008,49.691],[20.008,49.696],[20.003,49.699],[20.002,49.701],[20.008,49.71],[20.012,49.712],[20.017,49.712],[20.025,49.72],[20.025,49.727],[20.021,49.73],[20.015,49.73],[19.999,49.728],[19.992,49.729],[19.987,49.731],[19.981,49.732],[19.974,49.73],[19.966,49.731],[19.958,49.733]]]}},{"type":"Feature","properties":{"teryt":"1209033"},"geometry":{"type":"Polygon","coordinates":[[[20.071,49.822],[20.066,49.823],[20.064,49.827],[20.06,49.827],[20.054,49.83],[20.045,49.83],[20.041,49.833],[20.039,49.836],[20.037,49.838],[20.042,49.849],[20.04,49.851],[20.041,49.856],[20.037,49.864],[20.032,49.864],[20.031,49.866],[20.022,49.866],[20.016,49.872],[20.009,49.871],[20.007,49.874],[20.002,49.876],[19.994,49.877],[19.989,49.88],[19.986,49.883],[19.97,49.884],[19.965,49.885],[19.957,49.893],[19.948,49.893],[19.951,49.896],[19.95,49.9],[19.949,49.903],[19.945,49.902],[19.938,49.904],[19.93,49.903],[19.927,49.903],[19.922,49.904],[19.915,49.899],[19.907,49.9],[19.904,49.901],[19.902,49.902],[19.9,49.904],[19.899,49.905],[19.893,49.912],[19.887,49.913],[19.886,49.916],[19.88,49.917],[19.884,49.921],[19.883,49.924],[19.876,49.925],[19.871,49.927],[19.86,49.926],[19.854,49.931],[19.85,49.931],[19.848,49.923],[19.851,49.919],[19.855,49.916],[19.852,49.913],[19.844,49.91],[19.838,49.909],[19.835,49.906],[19.84,49.903],[19.85,49.901],[19.851,49.896],[19.858,49.892],[19.858,49.888],[19.847,49.882],[19.846,49.879],[19.843,49.878],[19.842,49.875],[19.837,49.874],[19.838,49.871],[19.833,49.868],[19.842,49.869],[19.848,49.867],[19.857,49.868],[19.86,49.867],[19.859,49.864],[19.868,49.856],[19.869,49.846],[19.873,49.838],[19.869,49.834],[19.864,49.836],[19.861,49.835],[19.856,49.836],[19.847,49.832],[19.837,49.832],[19.831,49.833],[19.822,49.826],[19.821,49.815],[19.817,49.808],[19.82,49.803],[19.825,49.803],[19.835,49.805],[19.848,49.807],[19.853,49.806],[19.855,49.808],[19.864,49.81],[19.869,49.811],[19.871,49.809],[19.878,49.807],[19.884,49.809],[19.886,49.806],[19.893,49.806],[19.896,49.811],[19.899,49.811],[19.911,49.808],[19.92,49.807],[19.921,49.81],[19.925,49.811],[19.934,49.811],[19.936,49.808],[19.933,49.807],[19.938,49.799],[19.945,49.802],[19.951,49.799],[19.968,49.797],[19.979,49.794],[19.984,49.794],[19.991,49.796],[19.995,49.792],[19.999,49.79],[19.999,49.788],[20.01,49.785],[20.017,49.785],[20.025,49.782],[20.031,49.782],[20.041,49.781],[20.045,49.787],[20.032,49.791],[20.033,49.799],[20.032,49.802],[20.037,49.805],[20.044,49.806],[20.046,49.807],[20.053,49.805],[20.06,49.81],[20.069,49.813],[20.073,49.817],[20.071,49.822]]]}},{"type":"Feature","properties":{"teryt":"1210022"},"geometry":{"type":"MultiPolygon","coordinates":[[[[20.829,49.636],[20.822,49.638],[20.817,49.642],[20.805,49.645],[20.791,49.646],[20.783,49.647],[20.777,49.646],[20.776,49.652],[20.775,49.656],[20.776,49.661],[20.774,49.665],[20.767,49.666],[20.768,49.672],[20.75,49.677],[20.741,49.679],[20.735,49.683],[20.731,49.683],[20.726,49.686],[20.727,49.694],[20.721,49.696],[20.718,49.699],[20.714,49.699],[20.714,49.704],[20.706,49.705],[20.692,49.704],[20.687,49.704],[20.677,49.701],[20.671,49.701],[20.665,49.7],[20.662,49.697],[20.647,49.688],[20.645,49.685],[20.634,49.687],[20.627,49.685],[20.626,49.68],[20.622,49.68],[20.618,49.685],[20.614,49.686],[20.603,49.691],[20.597,49.695],[20.592,49.696],[20.586,49.695],[20.583,49.685],[20.581,49.681],[20.58,49.676],[20.573,49.675],[20.57,49.676],[20.564,49.676],[20.555,49.659],[20.558,49.656],[20.569,49.653],[20.577,49.653],[20.579,49.645],[20.579,49.639],[20.588,49.631],[20.59,49.627],[20.596,49.627],[20.602,49.621],[20.602,49.62],[20.616,49.616],[20.622,49.616],[20.621,49.614],[20.633,49.611],[20.641,49.608],[20.645,49.604],[20.657,49.597],[20.667,49.601],[20.671,49.609],[20.677,49.611],[20.68,49.614],[20.68,49.617],[20.682,49.621],[20.678,49.622],[20.667,49.622],[20.668,49.626],[20.667,49.63],[20.668,49.635],[20.666,49.642],[20.67,49.649],[20.673,49.65],[20.679,49.658],[20.677,49.664],[20.688,49.666],[20.69,49.657],[20.701,49.656],[20.705,49.653],[20.708,49.653],[20.717,49.657],[20.724,49.652],[20.721,49.648],[20.726,49.647],[20.725,49.64],[20.731,49.638],[20.734,49.64],[20.738,49.636],[20.746,49.636],[20.744,49.632],[20.748,49.631],[20.75,49.622],[20.748,49.62],[20.755,49.613],[20.761,49.607],[20.767,49.609],[20.767,49.612],[20.77,49.613],[20.776,49.617],[20.792,49.619],[20.797,49.617],[20.805,49.615],[20.812,49.622],[20.809,49.626],[20.814,49.63],[20.824,49.632],[20.829,49.636]]],[[[20.765,49.599],[20.758,49.598],[20.742,49.602],[20.744,49.598],[20.743,49.595],[20.745,49.591],[20.748,49.591],[20.754,49.592],[20.76,49.591],[20.762,49.592],[20.765,49.593],[20.77,49.592],[20.765,49.599]]]]}},{"type":"Feature","properties":{"teryt":"1210062"},"geometry":{"type":"Polygon","coordinates":[[[20.727,49.694],[20.726,49.686],[20.731,49.683],[20.735,49.683],[20.741,49.679],[20.75,49.677],[20.768,49.672],[20.767,49.666],[20.774,49.665],[20.776,49.661],[20.775,49.656],[20.776,49.652],[20.777,49.646],[20.783,49.647],[20.791,49.646],[20.805,49.645],[20.817,49.642],[20.822,49.638],[20.829,49.636],[20.837,49.634],[20.838,49.632],[20.845,49.63],[20.853,49.63],[20.852,49.641],[20.858,49.651],[20.861,49.655],[20.856,49.655],[20.856,49.658],[20.869,49.658],[20.86,49.661],[20.866,49.666],[20.862,49.667],[20.868,49.672],[20.876,49.672],[20.888,49.668],[20.892,49.669],[20.902,49.664],[20.91,49.661],[20.913,49.664],[20.928,49.666],[20.934,49.664],[20.938,49.66],[20.943,49.66],[20.945,49.665],[20.948,49.667],[20.945,49.671],[20.938,49.673],[20.932,49.678],[20.928,49.679],[20.92,49.679],[20.918,49.681],[20.913,49.683],[20.908,49.684],[20.906,49.687],[20.898,49.692],[20.896,49.696],[20.889,49.702],[20.886,49.706],[20.892,49.715],[20.892,49.722],[20.887,49.729],[20.883,49.732],[20.873,49.734],[20.868,49.737],[20.873,49.737],[20.876,49.741],[20.873,49.744],[20.866,49.745],[20.866,49.751],[20.861,49.752],[20.854,49.75],[20.851,49.754],[20.847,49.76],[20.846,49.764],[20.841,49.765],[20.832,49.763],[20.826,49.766],[20.823,49.764],[20.827,49.763],[20.827,49.76],[20.823,49.758],[20.822,49.75],[20.824,49.749],[20.828,49.745],[20.825,49.744],[20.82,49.738],[20.809,49.739],[20.807,49.736],[20.795,49.735],[20.795,49.731],[20.8,49.729],[20.797,49.722],[20.784,49.719],[20.779,49.721],[20.767,49.72],[20.759,49.721],[20.76,49.718],[20.751,49.715],[20.75,49.709],[20.751,49.704],[20.751,49.695],[20.737,49.697],[20.727,49.694]]]}},{"type":"Feature","properties":{"teryt":"1217032"},"geometry":{"type":"Polygon","coordinates":[[[20.116,49.414],[20.106,49.418],[20.099,49.42],[20.101,49.423],[20.088,49.428],[20.085,49.428],[20.08,49.421],[20.069,49.422],[20.056,49.425],[20.05,49.425],[20.051,49.421],[20.053,49.42],[20.05,49.416],[20.05,49.411],[20.045,49.411],[20.044,49.405],[20.036,49.403],[20.036,49.402],[20.041,49.398],[20.043,49.397],[20.045,49.387],[20.041,49.386],[20.043,49.381],[20.051,49.378],[20.054,49.373],[20.054,49.37],[20.056,49.367],[20.056,49.361],[20.051,49.355],[20.052,49.351],[20.058,49.35],[20.063,49.346],[20.073,49.348],[20.075,49.342],[20.08,49.34],[20.075,49.334],[20.079,49.333],[20.084,49.33],[20.089,49.33],[20.092,49.327],[20.092,49.324],[20.096,49.32],[20.099,49.314],[20.103,49.308],[20.102,49.305],[20.106,49.299],[20.11,49.292],[20.106,49.289],[20.103,49.279],[20.098,49.275],[20.098,49.27],[20.096,49.267],[20.09,49.264],[20.085,49.263],[20.08,49.259],[20.068,49.258],[20.062,49.26],[20.059,49.257],[20.057,49.251],[20.058,49.248],[20.053,49.244],[20.048,49.242],[20.05,49.235],[20.047,49.232],[20.048,49.229],[20.043,49.227],[20.033,49.227],[20.033,49.225],[20.034,49.22],[20.029,49.218],[20.024,49.22],[20.02,49.219],[20.016,49.22],[20.009,49.219],[20.009,49.216],[20.007,49.213],[20.012,49.21],[20.013,49.208],[20.021,49.202],[20.033,49.199],[20.041,49.197],[20.043,49.193],[20.049,49.19],[20.054,49.188],[20.06,49.187],[20.062,49.185],[20.067,49.183],[20.069,49.181],[20.076,49.179],[20.088,49.18],[20.088,49.184],[20.088,49.188],[20.085,49.193],[20.084,49.196],[20.087,49.199],[20.086,49.204],[20.087,49.208],[20.091,49.211],[20.096,49.22],[20.102,49.223],[20.102,49.226],[20.1,49.228],[20.1,49.232],[20.098,49.235],[20.098,49.238],[20.101,49.241],[20.101,49.25],[20.102,49.253],[20.111,49.258],[20.114,49.263],[20.122,49.268],[20.129,49.277],[20.129,49.283],[20.128,49.287],[20.132,49.295],[20.13,49.296],[20.133,49.301],[20.146,49.318],[20.15,49.319],[20.152,49.315],[20.157,49.311],[20.159,49.307],[20.163,49.306],[20.176,49.314],[20.169,49.321],[20.168,49.324],[20.174,49.325],[20.171,49.328],[20.184,49.328],[20.189,49.332],[20.19,49.338],[20.187,49.34],[20.185,49.346],[20.181,49.348],[20.178,49.352],[20.175,49.354],[20.174,49.358],[20.169,49.362],[20.172,49.367],[20.165,49.373],[20.16,49.375],[20.154,49.382],[20.155,49.385],[20.155,49.386],[20.147,49.386],[20.143,49.389],[20.138,49.391],[20.131,49.392],[20.117,49.397],[20.113,49.399],[20.112,49.403],[20.113,49.405],[20.115,49.412],[20.116,49.414]]]}},{"type":"Feature","properties":{"teryt":"1213062"},"geometry":{"type":"Polygon","coordinates":[[[19.257,49.975],[19.257,49.979],[19.267,49.991],[19.28,49.993],[19.292,49.998],[19.3,49.999],[19.308,50],[19.314,50.001],[19.327,50.001],[19.337,50.003],[19.336,50.004],[19.34,50.008],[19.343,50.01],[19.344,50.013],[19.349,50.015],[19.351,50.018],[19.35,50.024],[19.353,50.028],[19.354,50.037],[19.354,50.044],[19.35,50.047],[19.351,50.051],[19.35,50.053],[19.343,50.052],[19.341,50.047],[19.335,50.047],[19.333,50.051],[19.329,50.053],[19.319,50.05],[19.314,50.046],[19.31,50.047],[19.309,50.045],[19.319,50.043],[19.334,50.041],[19.331,50.037],[19.324,50.024],[19.312,50.029],[19.308,50.027],[19.308,50.022],[19.301,50.022],[19.301,50.019],[19.295,50.02],[19.296,50.024],[19.291,50.022],[19.285,50.023],[19.285,50.027],[19.278,50.026],[19.265,50.024],[19.258,50.026],[19.256,50.026],[19.24,50.027],[19.232,50.014],[19.223,50.018],[19.218,50.018],[19.213,50.017],[19.209,50.012],[19.204,50.011],[19.204,50.016],[19.195,50.019],[19.189,50.021],[19.188,50.018],[19.18,50.018],[19.178,50.022],[19.185,50.023],[19.194,50.039],[19.198,50.044],[19.206,50.046],[19.213,50.05],[19.217,50.051],[19.22,50.049],[19.224,50.05],[19.226,50.055],[19.231,50.053],[19.231,50.049],[19.235,50.046],[19.24,50.055],[19.245,50.055],[19.238,50.06],[19.234,50.066],[19.231,50.067],[19.223,50.068],[19.222,50.065],[19.217,50.062],[19.215,50.065],[19.21,50.064],[19.206,50.062],[19.202,50.064],[19.2,50.063],[19.196,50.065],[19.183,50.06],[19.178,50.057],[19.171,50.059],[19.169,50.06],[19.163,50.057],[19.16,50.054],[19.16,50.051],[19.154,50.053],[19.146,50.046],[19.148,50.044],[19.148,50.04],[19.145,50.039],[19.146,50.037],[19.139,50.035],[19.136,50.033],[19.139,50.031],[19.139,50.028],[19.143,50.028],[19.137,50.022],[19.133,50.019],[19.132,50.017],[19.134,50.015],[19.15,50.011],[19.159,50.009],[19.169,50.008],[19.172,50.004],[19.176,50.005],[19.177,50.001],[19.182,49.999],[19.18,49.994],[19.193,49.996],[19.2,49.994],[19.205,49.996],[19.206,49.988],[19.209,49.984],[19.208,49.98],[19.204,49.977],[19.203,49.971],[19.207,49.97],[19.209,49.971],[19.216,49.968],[19.218,49.967],[19.223,49.965],[19.227,49.967],[19.23,49.963],[19.232,49.964],[19.238,49.962],[19.241,49.966],[19.249,49.969],[19.257,49.975]]]}},{"type":"Feature","properties":{"teryt":"1216053"},"geometry":{"type":"Polygon","coordinates":[[[20.899,50.074],[20.898,50.081],[20.895,50.084],[20.891,50.085],[20.886,50.089],[20.886,50.093],[20.889,50.096],[20.888,50.101],[20.885,50.104],[20.875,50.105],[20.868,50.109],[20.881,50.112],[20.885,50.114],[20.885,50.117],[20.877,50.12],[20.872,50.122],[20.871,50.128],[20.866,50.131],[20.857,50.133],[20.849,50.136],[20.842,50.144],[20.841,50.148],[20.836,50.147],[20.832,50.15],[20.829,50.156],[20.831,50.159],[20.83,50.163],[20.822,50.162],[20.813,50.163],[20.806,50.161],[20.804,50.162],[20.798,50.169],[20.793,50.168],[20.786,50.17],[20.78,50.165],[20.785,50.164],[20.785,50.161],[20.78,50.156],[20.769,50.15],[20.764,50.146],[20.758,50.148],[20.746,50.148],[20.747,50.146],[20.754,50.142],[20.755,50.138],[20.759,50.133],[20.764,50.13],[20.753,50.129],[20.756,50.121],[20.735,50.117],[20.735,50.113],[20.744,50.113],[20.744,50.11],[20.757,50.112],[20.761,50.103],[20.77,50.103],[20.775,50.094],[20.781,50.091],[20.774,50.088],[20.781,50.07],[20.784,50.071],[20.789,50.074],[20.797,50.078],[20.798,50.074],[20.793,50.069],[20.796,50.066],[20.806,50.062],[20.811,50.06],[20.818,50.058],[20.824,50.055],[20.83,50.053],[20.85,50.044],[20.858,50.042],[20.865,50.043],[20.866,50.046],[20.862,50.049],[20.86,50.053],[20.855,50.057],[20.857,50.062],[20.864,50.064],[20.875,50.065],[20.878,50.068],[20.881,50.069],[20.888,50.069],[20.89,50.073],[20.899,50.074]]]}},{"type":"Feature","properties":{"teryt":"1216092"},"geometry":{"type":"MultiPolygon","coordinates":[[[[21.165,50.067],[21.16,50.068],[21.157,50.067],[21.149,50.068],[21.136,50.071],[21.127,50.069],[21.125,50.066],[21.12,50.068],[21.115,50.065],[21.11,50.065],[21.105,50.063],[21.107,50.058],[21.08,50.053],[21.075,50.055],[21.069,50.054],[21.053,50.054],[21.048,50.051],[21.042,50.05],[21.034,50.047],[21.036,50.042],[21.036,50.037],[21.033,50.033],[21.033,50.026],[21.035,50.023],[21.04,50.024],[21.047,50.021],[21.054,50.019],[21.062,50.016],[21.071,50.017],[21.074,50.021],[21.089,50.017],[21.089,50.024],[21.096,50.024],[21.098,50.025],[21.11,50.027],[21.11,50.029],[21.115,50.031],[21.133,50.04],[21.134,50.042],[21.143,50.045],[21.147,50.048],[21.15,50.047],[21.149,50.049],[21.145,50.049],[21.146,50.054],[21.159,50.058],[21.168,50.061],[21.168,50.066],[21.165,50.067]]],[[[20.916,50.05],[20.917,50.046],[20.916,50.041],[20.911,50.036],[20.914,50.034],[20.928,50.036],[20.928,50.039],[20.93,50.042],[20.931,50.045],[20.926,50.051],[20.925,50.05],[20.916,50.05]]],[[[20.971,49.988],[20.967,49.986],[20.965,49.989],[20.96,49.99],[20.959,49.986],[20.95,49.988],[20.949,49.991],[20.94,49.992],[20.937,49.99],[20.935,49.986],[20.928,49.987],[20.925,49.986],[20.914,49.988],[20.916,49.993],[20.92,49.994],[20.921,49.998],[20.91,49.999],[20.904,50],[20.904,50.004],[20.897,50.001],[20.892,50.003],[20.889,50.002],[20.888,49.995],[20.889,49.99],[20.888,49.986],[20.883,49.983],[20.879,49.979],[20.881,49.975],[20.883,49.971],[20.881,49.967],[20.882,49.961],[20.876,49.956],[20.874,49.952],[20.881,49.952],[20.885,49.951],[20.897,49.95],[20.905,49.948],[20.91,49.951],[20.91,49.955],[20.917,49.956],[20.917,49.96],[20.928,49.96],[20.939,49.959],[20.943,49.958],[20.952,49.962],[20.955,49.964],[20.959,49.964],[20.972,49.959],[20.975,49.956],[20.983,49.952],[20.981,49.942],[20.984,49.939],[20.989,49.937],[20.997,49.937],[21.006,49.935],[21.016,49.933],[21.021,49.934],[21.024,49.932],[21.033,49.934],[21.042,49.934],[21.049,49.931],[21.056,49.937],[21.053,49.939],[21.044,49.951],[21.041,49.953],[21.034,49.954],[21.026,49.953],[21.024,49.955],[21.021,49.96],[21.017,49.964],[21.017,49.968],[21.027,49.971],[21.028,49.974],[21.034,49.983],[21.029,49.985],[21.024,49.989],[21.016,49.992],[21.013,49.988],[21.004,49.988],[20.996,49.989],[20.989,49.988],[20.979,49.989],[20.976,49.988],[20.972,49.988],[20.971,49.988]]]]}},{"type":"Feature","properties":{"teryt":"1218072"},"geometry":{"type":"Polygon","coordinates":[[[19.684,49.812],[19.687,49.813],[19.685,49.818],[19.686,49.822],[19.693,49.828],[19.692,49.83],[19.702,49.829],[19.703,49.832],[19.707,49.833],[19.706,49.836],[19.698,49.84],[19.692,49.849],[19.684,49.848],[19.677,49.845],[19.668,49.845],[19.666,49.843],[19.663,49.847],[19.658,49.853],[19.656,49.861],[19.652,49.865],[19.644,49.868],[19.647,49.863],[19.642,49.858],[19.641,49.855],[19.635,49.85],[19.626,49.846],[19.619,49.845],[19.616,49.844],[19.61,49.847],[19.603,49.849],[19.588,49.85],[19.578,49.849],[19.551,49.849],[19.553,49.841],[19.555,49.838],[19.555,49.833],[19.572,49.833],[19.572,49.83],[19.577,49.825],[19.574,49.82],[19.575,49.818],[19.58,49.818],[19.581,49.811],[19.587,49.81],[19.589,49.804],[19.594,49.797],[19.599,49.796],[19.606,49.793],[19.609,49.794],[19.616,49.795],[19.628,49.798],[19.635,49.798],[19.644,49.796],[19.647,49.796],[19.644,49.799],[19.644,49.808],[19.663,49.809],[19.662,49.814],[19.669,49.813],[19.684,49.812]]]}},{"type":"Feature","properties":{"teryt":"1219032"},"geometry":{"type":"Polygon","coordinates":[[[20.307,49.961],[20.315,49.965],[20.316,49.968],[20.312,49.972],[20.308,49.973],[20.308,49.976],[20.313,49.978],[20.319,49.977],[20.331,49.977],[20.333,49.983],[20.337,49.985],[20.345,49.985],[20.349,49.989],[20.341,49.989],[20.343,49.995],[20.335,49.996],[20.335,49.999],[20.324,49.998],[20.321,50.019],[20.335,50.019],[20.366,50.021],[20.388,50.022],[20.384,50.029],[20.383,50.035],[20.38,50.065],[20.366,50.065],[20.359,50.061],[20.353,50.061],[20.344,50.056],[20.34,50.056],[20.333,50.05],[20.319,50.047],[20.317,50.039],[20.32,50.025],[20.286,50.023],[20.283,50.023],[20.285,50.028],[20.279,50.025],[20.274,50.028],[20.263,50.025],[20.257,50.02],[20.229,50.011],[20.213,50.01],[20.211,50.009],[20.219,50.007],[20.215,50.001],[20.216,49.998],[20.214,49.993],[20.209,49.988],[20.221,49.986],[20.218,49.983],[20.223,49.981],[20.23,49.981],[20.237,49.978],[20.244,49.979],[20.258,49.971],[20.266,49.967],[20.269,49.965],[20.275,49.968],[20.274,49.963],[20.279,49.962],[20.283,49.96],[20.291,49.959],[20.307,49.961]]]}},{"type":"Feature","properties":{"teryt":"1207062"},"geometry":{"type":"Polygon","coordinates":[[[20.546,49.734],[20.546,49.735],[20.566,49.736],[20.569,49.741],[20.569,49.744],[20.571,49.746],[20.577,49.752],[20.59,49.75],[20.596,49.756],[20.587,49.762],[20.585,49.762],[20.583,49.766],[20.574,49.772],[20.567,49.775],[20.56,49.777],[20.551,49.777],[20.542,49.783],[20.529,49.788],[20.521,49.794],[20.518,49.798],[20.516,49.799],[20.499,49.798],[20.494,49.799],[20.49,49.798],[20.483,49.798],[20.479,49.801],[20.474,49.802],[20.473,49.797],[20.477,49.792],[20.474,49.785],[20.47,49.784],[20.47,49.781],[20.452,49.782],[20.444,49.785],[20.427,49.785],[20.421,49.784],[20.413,49.785],[20.402,49.78],[20.414,49.769],[20.417,49.765],[20.424,49.76],[20.429,49.759],[20.432,49.761],[20.439,49.758],[20.437,49.752],[20.435,49.749],[20.436,49.747],[20.435,49.743],[20.438,49.738],[20.438,49.734],[20.455,49.732],[20.46,49.729],[20.465,49.727],[20.471,49.728],[20.488,49.722],[20.496,49.721],[20.506,49.721],[20.517,49.72],[20.521,49.721],[20.526,49.72],[20.538,49.727],[20.542,49.729],[20.543,49.732],[20.546,49.734]]]}},{"type":"Feature","properties":{"teryt":"1207011"},"geometry":{"type":"Polygon","coordinates":[[[20.38,49.717],[20.396,49.719],[20.395,49.712],[20.398,49.71],[20.403,49.709],[20.398,49.704],[20.398,49.701],[20.403,49.699],[20.409,49.693],[20.414,49.691],[20.416,49.686],[20.437,49.689],[20.448,49.696],[20.444,49.699],[20.45,49.702],[20.449,49.705],[20.452,49.712],[20.449,49.714],[20.451,49.72],[20.447,49.721],[20.44,49.72],[20.436,49.724],[20.416,49.725],[20.412,49.723],[20.409,49.728],[20.404,49.73],[20.406,49.733],[20.403,49.737],[20.408,49.742],[20.408,49.744],[20.396,49.741],[20.391,49.742],[20.38,49.742],[20.374,49.739],[20.373,49.737],[20.381,49.735],[20.382,49.728],[20.375,49.726],[20.37,49.727],[20.369,49.724],[20.37,49.719],[20.38,49.717]]]}},{"type":"Feature","properties":{"teryt":"1207112"},"geometry":{"type":"Polygon","coordinates":[[[20.37,49.719],[20.367,49.719],[20.358,49.717],[20.341,49.716],[20.327,49.71],[20.321,49.709],[20.313,49.706],[20.305,49.705],[20.299,49.703],[20.296,49.7],[20.286,49.699],[20.288,49.693],[20.287,49.688],[20.291,49.682],[20.287,49.677],[20.285,49.672],[20.284,49.663],[20.281,49.66],[20.279,49.655],[20.279,49.651],[20.283,49.646],[20.284,49.641],[20.281,49.639],[20.278,49.638],[20.277,49.633],[20.296,49.633],[20.3,49.634],[20.304,49.634],[20.312,49.636],[20.323,49.636],[20.33,49.637],[20.338,49.634],[20.35,49.634],[20.351,49.638],[20.363,49.64],[20.375,49.643],[20.376,49.646],[20.374,49.648],[20.374,49.653],[20.376,49.656],[20.374,49.66],[20.376,49.67],[20.38,49.675],[20.385,49.678],[20.389,49.682],[20.386,49.687],[20.384,49.699],[20.376,49.7],[20.377,49.703],[20.373,49.707],[20.377,49.715],[20.38,49.717],[20.37,49.719]]]}},{"type":"Feature","properties":{"teryt":"1205092"},"geometry":{"type":"Polygon","coordinates":[[[21.151,49.579],[21.153,49.576],[21.167,49.571],[21.18,49.568],[21.185,49.566],[21.191,49.566],[21.197,49.561],[21.203,49.558],[21.212,49.556],[21.22,49.554],[21.232,49.546],[21.248,49.544],[21.254,49.541],[21.256,49.539],[21.263,49.539],[21.27,49.536],[21.275,49.539],[21.282,49.536],[21.288,49.536],[21.294,49.533],[21.307,49.531],[21.308,49.527],[21.305,49.523],[21.302,49.523],[21.296,49.518],[21.295,49.511],[21.297,49.508],[21.295,49.504],[21.3,49.499],[21.307,49.499],[21.31,49.494],[21.318,49.489],[21.315,49.481],[21.318,49.471],[21.323,49.47],[21.338,49.463],[21.348,49.457],[21.347,49.449],[21.35,49.447],[21.356,49.443],[21.363,49.442],[21.369,49.439],[21.373,49.433],[21.382,49.435],[21.399,49.434],[21.396,49.442],[21.393,49.446],[21.393,49.453],[21.392,49.456],[21.398,49.457],[21.402,49.46],[21.406,49.464],[21.411,49.468],[21.408,49.47],[21.409,49.474],[21.403,49.476],[21.398,49.479],[21.393,49.482],[21.389,49.485],[21.391,49.489],[21.4,49.491],[21.404,49.491],[21.416,49.492],[21.421,49.492],[21.419,49.498],[21.417,49.497],[21.41,49.501],[21.409,49.507],[21.408,49.51],[21.399,49.508],[21.393,49.512],[21.388,49.519],[21.389,49.521],[21.383,49.525],[21.391,49.529],[21.384,49.532],[21.381,49.539],[21.376,49.538],[21.37,49.542],[21.36,49.543],[21.359,49.546],[21.361,49.549],[21.367,49.551],[21.365,49.554],[21.368,49.558],[21.375,49.563],[21.376,49.566],[21.381,49.568],[21.38,49.57],[21.374,49.571],[21.364,49.577],[21.361,49.576],[21.348,49.579],[21.344,49.582],[21.332,49.587],[21.328,49.59],[21.327,49.594],[21.331,49.601],[21.324,49.605],[21.323,49.608],[21.323,49.613],[21.316,49.619],[21.312,49.624],[21.3,49.629],[21.288,49.631],[21.273,49.631],[21.27,49.632],[21.269,49.637],[21.264,49.636],[21.253,49.636],[21.256,49.631],[21.253,49.628],[21.249,49.629],[21.246,49.626],[21.24,49.629],[21.236,49.63],[21.226,49.628],[21.22,49.626],[21.216,49.627],[21.21,49.633],[21.207,49.637],[21.201,49.638],[21.195,49.638],[21.189,49.641],[21.183,49.636],[21.173,49.637],[21.162,49.635],[21.156,49.625],[21.155,49.621],[21.15,49.616],[21.143,49.611],[21.136,49.604],[21.139,49.598],[21.143,49.596],[21.152,49.591],[21.151,49.579]]]}},{"type":"Feature","properties":{"teryt":"1208062"},"geometry":{"type":"Polygon","coordinates":[[[20.262,50.303],[20.27,50.303],[20.268,50.309],[20.288,50.31],[20.293,50.309],[20.294,50.316],[20.293,50.322],[20.293,50.328],[20.298,50.33],[20.299,50.334],[20.305,50.336],[20.302,50.341],[20.298,50.344],[20.292,50.346],[20.294,50.349],[20.298,50.352],[20.292,50.351],[20.288,50.354],[20.268,50.355],[20.264,50.356],[20.252,50.356],[20.243,50.351],[20.243,50.347],[20.228,50.349],[20.213,50.353],[20.21,50.353],[20.192,50.357],[20.194,50.359],[20.192,50.362],[20.188,50.363],[20.183,50.369],[20.174,50.368],[20.166,50.363],[20.16,50.366],[20.154,50.363],[20.159,50.361],[20.162,50.358],[20.154,50.35],[20.148,50.346],[20.145,50.346],[20.142,50.343],[20.134,50.339],[20.134,50.336],[20.138,50.331],[20.153,50.316],[20.178,50.309],[20.187,50.313],[20.2,50.308],[20.202,50.304],[20.199,50.299],[20.201,50.298],[20.211,50.3],[20.214,50.298],[20.221,50.299],[20.22,50.301],[20.233,50.301],[20.24,50.3],[20.244,50.303],[20.25,50.305],[20.256,50.304],[20.26,50.305],[20.262,50.303]]]}},{"type":"Feature","properties":{"teryt":"1209042"},"geometry":{"type":"Polygon","coordinates":[[[20.041,49.781],[20.031,49.782],[20.025,49.782],[20.017,49.785],[20.01,49.785],[19.999,49.788],[19.999,49.79],[19.995,49.792],[19.991,49.796],[19.984,49.794],[19.979,49.794],[19.968,49.797],[19.951,49.799],[19.945,49.802],[19.938,49.799],[19.933,49.807],[19.936,49.808],[19.934,49.811],[19.925,49.811],[19.921,49.81],[19.92,49.807],[19.911,49.808],[19.899,49.811],[19.896,49.811],[19.893,49.806],[19.886,49.806],[19.884,49.809],[19.878,49.807],[19.871,49.809],[19.869,49.811],[19.864,49.81],[19.855,49.808],[19.853,49.806],[19.848,49.807],[19.835,49.805],[19.825,49.803],[19.824,49.797],[19.817,49.794],[19.807,49.79],[19.799,49.791],[19.803,49.782],[19.804,49.774],[19.805,49.767],[19.808,49.767],[19.818,49.769],[19.825,49.767],[19.827,49.765],[19.832,49.767],[19.84,49.767],[19.846,49.772],[19.849,49.774],[19.865,49.769],[19.87,49.767],[19.875,49.771],[19.88,49.774],[19.888,49.771],[19.896,49.771],[19.901,49.772],[19.92,49.771],[19.92,49.765],[19.918,49.762],[19.919,49.759],[19.922,49.759],[19.926,49.753],[19.93,49.751],[19.932,49.744],[19.939,49.748],[19.944,49.748],[19.948,49.746],[19.951,49.746],[19.954,49.743],[19.96,49.742],[19.959,49.738],[19.958,49.733],[19.966,49.731],[19.974,49.73],[19.981,49.732],[19.987,49.731],[19.992,49.729],[19.999,49.728],[20.015,49.73],[20.021,49.73],[20.026,49.734],[20.027,49.737],[20.031,49.738],[20.033,49.742],[20.04,49.747],[20.042,49.753],[20.045,49.756],[20.042,49.761],[20.043,49.768],[20.046,49.771],[20.053,49.771],[20.048,49.777],[20.044,49.78],[20.041,49.781]]]}},{"type":"Feature","properties":{"teryt":"1202062"},"geometry":{"type":"Polygon","coordinates":[[[20.618,49.798],[20.619,49.805],[20.624,49.806],[20.624,49.81],[20.63,49.812],[20.634,49.818],[20.631,49.821],[20.622,49.826],[20.623,49.833],[20.622,49.836],[20.611,49.834],[20.61,49.834],[20.606,49.833],[20.605,49.833],[20.598,49.837],[20.587,49.837],[20.579,49.838],[20.565,49.838],[20.553,49.835],[20.542,49.835],[20.535,49.834],[20.518,49.834],[20.522,49.829],[20.521,49.826],[20.527,49.821],[20.528,49.819],[20.535,49.814],[20.534,49.812],[20.53,49.808],[20.526,49.804],[20.522,49.803],[20.518,49.8],[20.518,49.798],[20.521,49.794],[20.529,49.788],[20.542,49.783],[20.551,49.777],[20.56,49.777],[20.567,49.775],[20.574,49.772],[20.583,49.766],[20.585,49.762],[20.588,49.764],[20.603,49.771],[20.609,49.774],[20.614,49.779],[20.614,49.784],[20.619,49.789],[20.624,49.789],[20.625,49.793],[20.622,49.797],[20.618,49.798]]]}},{"type":"Feature","properties":{"teryt":"1203022"},"geometry":{"type":"Polygon","coordinates":[[[19.42,50.093],[19.421,50.093],[19.42,50.093],[19.415,50.094],[19.411,50.097],[19.398,50.104],[19.393,50.103],[19.385,50.102],[19.382,50.104],[19.378,50.103],[19.37,50.104],[19.368,50.101],[19.368,50.099],[19.365,50.095],[19.367,50.088],[19.366,50.084],[19.37,50.074],[19.374,50.071],[19.369,50.063],[19.36,50.052],[19.362,50.047],[19.359,50.043],[19.365,50.044],[19.369,50.046],[19.373,50.045],[19.375,50.039],[19.379,50.036],[19.384,50.036],[19.39,50.038],[19.394,50.038],[19.398,50.035],[19.397,50.033],[19.399,50.031],[19.399,50.028],[19.406,50.031],[19.411,50.028],[19.415,50.028],[19.42,50.029],[19.421,50.034],[19.427,50.035],[19.43,50.031],[19.432,50.025],[19.437,50.025],[19.438,50.031],[19.444,50.033],[19.45,50.032],[19.456,50.03],[19.462,50.032],[19.463,50.039],[19.468,50.04],[19.473,50.038],[19.472,50.031],[19.475,50.029],[19.48,50.027],[19.492,50.027],[19.495,50.029],[19.498,50.033],[19.502,50.036],[19.507,50.036],[19.508,50.038],[19.504,50.04],[19.499,50.04],[19.504,50.044],[19.51,50.044],[19.513,50.048],[19.516,50.049],[19.521,50.047],[19.526,50.049],[19.519,50.05],[19.504,50.054],[19.5,50.052],[19.495,50.052],[19.492,50.054],[19.486,50.052],[19.478,50.053],[19.47,50.053],[19.467,50.059],[19.475,50.063],[19.474,50.066],[19.463,50.069],[19.466,50.074],[19.462,50.075],[19.465,50.083],[19.462,50.081],[19.458,50.081],[19.454,50.079],[19.44,50.082],[19.434,50.081],[19.422,50.087],[19.423,50.089],[19.42,50.093]]]}},{"type":"Feature","properties":{"teryt":"1204042"},"geometry":{"type":"Polygon","coordinates":[[[21.029,50.251],[21.026,50.254],[21.026,50.265],[21.023,50.266],[21.02,50.27],[21.013,50.273],[21.002,50.275],[20.997,50.277],[20.996,50.28],[20.992,50.284],[21.017,50.286],[21.015,50.291],[21.01,50.292],[21.009,50.3],[21.002,50.299],[21.001,50.302],[21.005,50.304],[21.011,50.305],[21.008,50.313],[20.991,50.315],[20.974,50.314],[20.962,50.316],[20.955,50.316],[20.945,50.313],[20.941,50.307],[20.939,50.301],[20.931,50.298],[20.932,50.291],[20.931,50.287],[20.926,50.285],[20.923,50.287],[20.919,50.287],[20.918,50.28],[20.918,50.276],[20.918,50.27],[20.914,50.269],[20.91,50.27],[20.907,50.268],[20.912,50.263],[20.923,50.249],[20.925,50.243],[20.937,50.246],[20.941,50.248],[20.961,50.252],[20.974,50.251],[20.978,50.253],[20.986,50.253],[20.993,50.255],[20.998,50.255],[21.001,50.251],[21.013,50.25],[21.024,50.251],[21.029,50.251]]]}},{"type":"Feature","properties":{"teryt":"1216072"},"geometry":{"type":"Polygon","coordinates":[[[21.158,49.782],[21.156,49.785],[21.165,49.793],[21.166,49.802],[21.17,49.803],[21.165,49.81],[21.165,49.817],[21.159,49.824],[21.154,49.824],[21.143,49.83],[21.142,49.832],[21.133,49.838],[21.133,49.841],[21.129,49.842],[21.12,49.842],[21.118,49.841],[21.105,49.841],[21.102,49.834],[21.105,49.83],[21.106,49.824],[21.104,49.822],[21.093,49.817],[21.09,49.814],[21.08,49.811],[21.071,49.814],[21.066,49.814],[21.057,49.817],[21.05,49.822],[21.039,49.826],[21.042,49.83],[21.044,49.832],[21.043,49.835],[21.039,49.831],[21.021,49.824],[21.017,49.821],[21.011,49.818],[21.007,49.823],[20.995,49.814],[20.987,49.812],[20.995,49.808],[20.998,49.802],[21.002,49.801],[21.01,49.801],[21.017,49.799],[21.014,49.796],[21.018,49.791],[21.019,49.789],[21.025,49.784],[21.034,49.783],[21.044,49.784],[21.045,49.78],[21.038,49.77],[21.041,49.77],[21.042,49.763],[21.05,49.757],[21.055,49.755],[21.058,49.751],[21.065,49.748],[21.068,49.748],[21.071,49.752],[21.086,49.757],[21.095,49.763],[21.101,49.769],[21.102,49.771],[21.107,49.771],[21.112,49.772],[21.114,49.768],[21.118,49.77],[21.121,49.774],[21.128,49.773],[21.136,49.77],[21.151,49.776],[21.157,49.78],[21.158,49.782]]]}},{"type":"Feature","properties":{"teryt":"1216133"},"geometry":{"type":"Polygon","coordinates":[[[20.881,49.975],[20.877,49.975],[20.873,49.975],[20.872,49.969],[20.862,49.972],[20.862,49.974],[20.866,49.976],[20.867,49.978],[20.864,49.981],[20.859,49.981],[20.855,49.979],[20.849,49.978],[20.845,49.98],[20.842,49.985],[20.839,49.986],[20.831,49.985],[20.826,49.986],[20.825,49.997],[20.785,49.998],[20.786,50.007],[20.773,50.008],[20.775,50.012],[20.779,50.015],[20.776,50.018],[20.769,50.02],[20.765,50.02],[20.763,50.014],[20.751,50.013],[20.746,50.007],[20.748,50.006],[20.749,50.002],[20.751,50.002],[20.757,49.999],[20.756,49.995],[20.76,49.989],[20.763,49.988],[20.765,49.982],[20.759,49.977],[20.759,49.975],[20.756,49.974],[20.756,49.964],[20.76,49.963],[20.768,49.961],[20.773,49.961],[20.777,49.959],[20.781,49.958],[20.79,49.956],[20.787,49.95],[20.78,49.948],[20.778,49.946],[20.77,49.942],[20.757,49.942],[20.754,49.94],[20.753,49.94],[20.753,49.937],[20.754,49.937],[20.754,49.936],[20.755,49.934],[20.756,49.933],[20.758,49.929],[20.758,49.927],[20.758,49.926],[20.758,49.925],[20.76,49.921],[20.751,49.918],[20.757,49.914],[20.775,49.908],[20.775,49.904],[20.781,49.901],[20.787,49.897],[20.79,49.894],[20.789,49.892],[20.792,49.888],[20.798,49.887],[20.802,49.884],[20.81,49.884],[20.813,49.881],[20.818,49.881],[20.821,49.878],[20.825,49.88],[20.831,49.88],[20.83,49.876],[20.84,49.878],[20.841,49.881],[20.84,49.885],[20.832,49.887],[20.828,49.89],[20.828,49.895],[20.832,49.901],[20.828,49.911],[20.832,49.915],[20.846,49.916],[20.851,49.921],[20.851,49.928],[20.849,49.932],[20.848,49.937],[20.849,49.939],[20.858,49.941],[20.868,49.945],[20.872,49.948],[20.874,49.952],[20.876,49.956],[20.882,49.961],[20.881,49.967],[20.883,49.971],[20.881,49.975]]]}},{"type":"Feature","properties":{"teryt":"1218082"},"geometry":{"type":"Polygon","coordinates":[[[19.448,49.898],[19.454,49.897],[19.458,49.894],[19.464,49.892],[19.467,49.893],[19.482,49.893],[19.487,49.894],[19.491,49.897],[19.499,49.9],[19.515,49.904],[19.52,49.902],[19.524,49.906],[19.533,49.906],[19.536,49.907],[19.546,49.914],[19.552,49.915],[19.561,49.915],[19.569,49.917],[19.571,49.915],[19.575,49.914],[19.578,49.916],[19.579,49.92],[19.588,49.921],[19.589,49.922],[19.586,49.922],[19.58,49.926],[19.577,49.93],[19.572,49.933],[19.571,49.938],[19.567,49.937],[19.564,49.933],[19.542,49.932],[19.541,49.932],[19.54,49.941],[19.545,49.941],[19.544,49.944],[19.547,49.947],[19.543,49.95],[19.541,49.95],[19.537,49.955],[19.537,49.958],[19.534,49.957],[19.524,49.958],[19.523,49.954],[19.518,49.945],[19.515,49.944],[19.505,49.948],[19.493,49.945],[19.484,49.949],[19.477,49.949],[19.466,49.952],[19.464,49.945],[19.467,49.941],[19.461,49.939],[19.452,49.937],[19.448,49.926],[19.445,49.924],[19.447,49.92],[19.446,49.913],[19.451,49.912],[19.452,49.91],[19.448,49.898]]]}},{"type":"Feature","properties":{"teryt":"1206082"},"geometry":{"type":"Polygon","coordinates":[[[19.943,50.173],[19.939,50.17],[19.936,50.171],[19.931,50.17],[19.926,50.166],[19.924,50.161],[19.922,50.152],[19.924,50.152],[19.936,50.156],[19.936,50.159],[19.939,50.16],[19.949,50.154],[19.96,50.149],[19.966,50.144],[19.969,50.139],[19.976,50.14],[19.98,50.136],[19.988,50.134],[19.993,50.133],[19.996,50.134],[20.002,50.132],[20.005,50.13],[20.004,50.128],[20.012,50.125],[20.017,50.125],[20.025,50.119],[20.027,50.114],[20.028,50.109],[20.032,50.108],[20.036,50.109],[20.039,50.113],[20.042,50.114],[20.043,50.114],[20.041,50.122],[20.042,50.124],[20.045,50.128],[20.049,50.131],[20.047,50.134],[20.049,50.135],[20.05,50.14],[20.055,50.141],[20.062,50.144],[20.059,50.148],[20.062,50.149],[20.058,50.154],[20.06,50.157],[20.055,50.159],[20.059,50.167],[20.058,50.169],[20.049,50.174],[20.049,50.18],[20.051,50.182],[20.041,50.184],[20.034,50.183],[20.034,50.188],[20.027,50.19],[20.013,50.195],[20.008,50.197],[20.003,50.191],[19.996,50.185],[19.99,50.186],[19.992,50.188],[19.982,50.189],[19.983,50.187],[19.968,50.188],[19.968,50.187],[19.955,50.186],[19.944,50.186],[19.945,50.177],[19.943,50.173]]]}},{"type":"Feature","properties":{"teryt":"1214023"},"geometry":{"type":"Polygon","coordinates":[[[20.511,50.139],[20.535,50.146],[20.543,50.146],[20.55,50.142],[20.556,50.14],[20.561,50.141],[20.565,50.143],[20.568,50.148],[20.575,50.147],[20.58,50.142],[20.588,50.14],[20.592,50.143],[20.589,50.148],[20.589,50.152],[20.596,50.154],[20.605,50.152],[20.609,50.152],[20.613,50.155],[20.622,50.165],[20.628,50.168],[20.636,50.17],[20.653,50.185],[20.658,50.189],[20.663,50.194],[20.666,50.197],[20.672,50.197],[20.677,50.196],[20.68,50.198],[20.682,50.201],[20.682,50.206],[20.678,50.206],[20.674,50.202],[20.67,50.206],[20.666,50.206],[20.66,50.204],[20.652,50.205],[20.642,50.211],[20.639,50.211],[20.643,50.207],[20.639,50.205],[20.636,50.207],[20.637,50.21],[20.633,50.21],[20.629,50.206],[20.626,50.206],[20.624,50.201],[20.613,50.204],[20.607,50.205],[20.606,50.2],[20.594,50.202],[20.592,50.199],[20.589,50.199],[20.584,50.197],[20.582,50.194],[20.583,50.189],[20.572,50.187],[20.565,50.192],[20.563,50.2],[20.558,50.202],[20.552,50.2],[20.543,50.198],[20.539,50.197],[20.54,50.191],[20.532,50.191],[20.518,50.188],[20.513,50.186],[20.512,50.189],[20.509,50.19],[20.5,50.191],[20.493,50.187],[20.493,50.184],[20.488,50.183],[20.488,50.18],[20.491,50.179],[20.487,50.175],[20.485,50.17],[20.485,50.158],[20.475,50.156],[20.478,50.15],[20.476,50.143],[20.476,50.138],[20.482,50.137],[20.49,50.134],[20.494,50.134],[20.511,50.139]]]}},{"type":"Feature","properties":{"teryt":"1212073"},"geometry":{"type":"Polygon","coordinates":[[[19.759,50.444],[19.749,50.442],[19.742,50.444],[19.732,50.444],[19.725,50.441],[19.712,50.444],[19.708,50.444],[19.708,50.448],[19.702,50.448],[19.697,50.442],[19.695,50.435],[19.687,50.434],[19.681,50.435],[19.678,50.434],[19.669,50.427],[19.665,50.427],[19.665,50.424],[19.67,50.42],[19.672,50.416],[19.662,50.415],[19.655,50.414],[19.647,50.411],[19.637,50.409],[19.635,50.409],[19.645,50.4],[19.646,50.393],[19.65,50.395],[19.654,50.392],[19.664,50.391],[19.664,50.39],[19.683,50.385],[19.685,50.375],[19.682,50.375],[19.672,50.371],[19.667,50.364],[19.668,50.359],[19.665,50.359],[19.654,50.351],[19.654,50.346],[19.66,50.341],[19.657,50.337],[19.672,50.331],[19.678,50.332],[19.681,50.331],[19.688,50.336],[19.701,50.331],[19.705,50.335],[19.713,50.335],[19.716,50.332],[19.722,50.338],[19.743,50.33],[19.741,50.337],[19.742,50.34],[19.746,50.341],[19.752,50.343],[19.755,50.343],[19.756,50.346],[19.762,50.345],[19.778,50.341],[19.786,50.342],[19.79,50.344],[19.799,50.343],[19.808,50.341],[19.818,50.342],[19.829,50.34],[19.832,50.349],[19.833,50.353],[19.837,50.355],[19.843,50.354],[19.844,50.359],[19.847,50.361],[19.85,50.361],[19.854,50.366],[19.854,50.37],[19.847,50.37],[19.849,50.375],[19.851,50.377],[19.849,50.387],[19.851,50.393],[19.85,50.394],[19.836,50.399],[19.841,50.4],[19.846,50.403],[19.851,50.403],[19.853,50.407],[19.847,50.41],[19.847,50.415],[19.843,50.416],[19.843,50.425],[19.848,50.425],[19.845,50.431],[19.845,50.434],[19.841,50.439],[19.834,50.439],[19.832,50.436],[19.825,50.438],[19.824,50.436],[19.82,50.435],[19.807,50.436],[19.804,50.442],[19.8,50.444],[19.794,50.443],[19.792,50.441],[19.782,50.44],[19.771,50.442],[19.77,50.444],[19.759,50.444]]]}},{"type":"Feature","properties":{"teryt":"1215021"},"geometry":{"type":"Polygon","coordinates":[[[19.572,49.699],[19.572,49.701],[19.577,49.705],[19.589,49.709],[19.596,49.717],[19.604,49.72],[19.609,49.72],[19.616,49.722],[19.613,49.727],[19.622,49.736],[19.619,49.745],[19.619,49.749],[19.612,49.749],[19.614,49.76],[19.609,49.76],[19.605,49.758],[19.594,49.754],[19.589,49.754],[19.572,49.761],[19.566,49.764],[19.562,49.767],[19.557,49.766],[19.55,49.767],[19.543,49.765],[19.534,49.764],[19.534,49.763],[19.541,49.757],[19.543,49.751],[19.548,49.749],[19.546,49.744],[19.542,49.74],[19.545,49.737],[19.549,49.728],[19.548,49.722],[19.553,49.717],[19.555,49.714],[19.56,49.71],[19.565,49.701],[19.572,49.699]]]}},{"type":"Feature","properties":{"teryt":"1218033"},"geometry":{"type":"Polygon","coordinates":[[[19.694,49.931],[19.685,49.925],[19.681,49.926],[19.671,49.923],[19.664,49.923],[19.662,49.921],[19.662,49.915],[19.66,49.913],[19.648,49.918],[19.648,49.915],[19.644,49.909],[19.642,49.903],[19.63,49.897],[19.621,49.885],[19.614,49.885],[19.61,49.888],[19.601,49.89],[19.595,49.881],[19.589,49.875],[19.589,49.873],[19.582,49.871],[19.583,49.864],[19.581,49.858],[19.578,49.854],[19.578,49.849],[19.588,49.85],[19.603,49.849],[19.61,49.847],[19.616,49.844],[19.619,49.845],[19.626,49.846],[19.635,49.85],[19.641,49.855],[19.642,49.858],[19.647,49.863],[19.644,49.868],[19.652,49.865],[19.656,49.861],[19.658,49.853],[19.663,49.847],[19.666,49.843],[19.668,49.845],[19.677,49.845],[19.684,49.848],[19.692,49.849],[19.702,49.85],[19.713,49.854],[19.715,49.865],[19.722,49.867],[19.725,49.872],[19.729,49.872],[19.731,49.876],[19.731,49.881],[19.738,49.881],[19.741,49.885],[19.74,49.889],[19.748,49.889],[19.751,49.892],[19.76,49.889],[19.77,49.887],[19.773,49.89],[19.758,49.895],[19.757,49.899],[19.763,49.899],[19.766,49.903],[19.765,49.904],[19.762,49.907],[19.758,49.91],[19.759,49.914],[19.757,49.917],[19.748,49.916],[19.746,49.913],[19.742,49.912],[19.741,49.919],[19.735,49.917],[19.732,49.918],[19.732,49.921],[19.729,49.925],[19.724,49.924],[19.72,49.925],[19.718,49.928],[19.712,49.927],[19.706,49.934],[19.694,49.931]]]}},{"type":"Feature","properties":{"teryt":"1218013"},"geometry":{"type":"Polygon","coordinates":[[[19.418,49.878],[19.413,49.879],[19.407,49.882],[19.397,49.884],[19.391,49.881],[19.384,49.877],[19.381,49.875],[19.376,49.872],[19.374,49.866],[19.371,49.861],[19.36,49.864],[19.36,49.865],[19.351,49.865],[19.345,49.868],[19.338,49.869],[19.326,49.871],[19.316,49.872],[19.316,49.869],[19.298,49.857],[19.29,49.851],[19.295,49.85],[19.293,49.847],[19.289,49.838],[19.288,49.828],[19.288,49.824],[19.286,49.821],[19.287,49.816],[19.292,49.815],[19.297,49.809],[19.294,49.807],[19.299,49.803],[19.303,49.796],[19.308,49.793],[19.316,49.785],[19.316,49.78],[19.317,49.778],[19.321,49.777],[19.337,49.773],[19.343,49.774],[19.35,49.771],[19.353,49.772],[19.358,49.775],[19.366,49.778],[19.369,49.775],[19.373,49.771],[19.382,49.769],[19.387,49.77],[19.395,49.766],[19.4,49.762],[19.409,49.764],[19.411,49.772],[19.41,49.773],[19.415,49.775],[19.423,49.78],[19.438,49.787],[19.444,49.789],[19.446,49.792],[19.446,49.796],[19.443,49.798],[19.443,49.801],[19.437,49.805],[19.431,49.806],[19.423,49.811],[19.419,49.81],[19.416,49.816],[19.414,49.817],[19.412,49.822],[19.418,49.832],[19.418,49.836],[19.421,49.837],[19.414,49.848],[19.425,49.857],[19.426,49.862],[19.425,49.867],[19.42,49.876],[19.418,49.878]]]}},{"type":"Feature","properties":{"teryt":"1218052"},"geometry":{"type":"Polygon","coordinates":[[[19.594,49.797],[19.589,49.804],[19.587,49.81],[19.581,49.811],[19.58,49.818],[19.575,49.818],[19.574,49.82],[19.577,49.825],[19.572,49.83],[19.572,49.833],[19.555,49.833],[19.555,49.838],[19.553,49.841],[19.551,49.849],[19.546,49.848],[19.543,49.846],[19.542,49.841],[19.537,49.838],[19.532,49.837],[19.522,49.842],[19.518,49.842],[19.514,49.838],[19.507,49.838],[19.505,49.837],[19.497,49.832],[19.484,49.833],[19.478,49.831],[19.473,49.827],[19.472,49.823],[19.478,49.818],[19.476,49.81],[19.471,49.805],[19.461,49.799],[19.464,49.798],[19.47,49.794],[19.475,49.789],[19.485,49.789],[19.491,49.786],[19.505,49.79],[19.509,49.787],[19.528,49.793],[19.528,49.799],[19.54,49.802],[19.547,49.799],[19.557,49.8],[19.559,49.796],[19.571,49.799],[19.573,49.797],[19.582,49.797],[19.586,49.794],[19.594,49.797]]]}},{"type":"Feature","properties":{"teryt":"1218042"},"geometry":{"type":"Polygon","coordinates":[[[19.766,49.843],[19.777,49.848],[19.777,49.852],[19.776,49.862],[19.778,49.867],[19.783,49.868],[19.79,49.874],[19.789,49.877],[19.809,49.881],[19.81,49.885],[19.804,49.887],[19.801,49.889],[19.78,49.893],[19.773,49.893],[19.768,49.898],[19.766,49.903],[19.763,49.899],[19.757,49.899],[19.758,49.895],[19.773,49.89],[19.77,49.887],[19.76,49.889],[19.751,49.892],[19.748,49.889],[19.74,49.889],[19.741,49.885],[19.738,49.881],[19.731,49.881],[19.731,49.876],[19.729,49.872],[19.725,49.872],[19.722,49.867],[19.715,49.865],[19.713,49.854],[19.702,49.85],[19.692,49.849],[19.698,49.84],[19.706,49.836],[19.707,49.833],[19.703,49.832],[19.702,49.829],[19.692,49.83],[19.693,49.828],[19.686,49.822],[19.685,49.818],[19.687,49.813],[19.684,49.812],[19.684,49.811],[19.697,49.807],[19.697,49.806],[19.705,49.806],[19.708,49.804],[19.721,49.807],[19.726,49.807],[19.729,49.812],[19.729,49.814],[19.732,49.817],[19.731,49.821],[19.739,49.827],[19.74,49.83],[19.746,49.831],[19.752,49.831],[19.758,49.83],[19.758,49.832],[19.764,49.832],[19.764,49.838],[19.766,49.843]]]}},{"type":"Feature","properties":{"teryt":"1210073"},"geometry":{"type":"Polygon","coordinates":[[[20.963,49.528],[20.963,49.524],[20.966,49.522],[20.956,49.516],[20.948,49.515],[20.943,49.517],[20.941,49.513],[20.938,49.511],[20.94,49.506],[20.94,49.501],[20.931,49.498],[20.933,49.493],[20.936,49.488],[20.941,49.483],[20.951,49.482],[20.954,49.48],[20.956,49.476],[20.956,49.472],[20.959,49.469],[20.957,49.466],[20.952,49.462],[20.947,49.463],[20.944,49.459],[20.938,49.454],[20.939,49.451],[20.935,49.448],[20.931,49.448],[20.918,49.441],[20.911,49.439],[20.905,49.441],[20.899,49.44],[20.895,49.437],[20.891,49.436],[20.884,49.438],[20.879,49.436],[20.875,49.437],[20.877,49.432],[20.888,49.428],[20.899,49.419],[20.908,49.409],[20.918,49.406],[20.919,49.404],[20.926,49.398],[20.926,49.392],[20.928,49.39],[20.93,49.385],[20.937,49.38],[20.948,49.381],[20.956,49.38],[20.966,49.382],[20.971,49.384],[20.974,49.383],[20.984,49.381],[20.987,49.377],[20.979,49.376],[20.986,49.367],[20.988,49.368],[20.988,49.371],[20.992,49.371],[21.001,49.365],[21.006,49.364],[21.012,49.364],[21.017,49.363],[21.026,49.366],[21.034,49.359],[21.036,49.362],[21.039,49.362],[21.044,49.365],[21.049,49.366],[21.054,49.362],[21.066,49.365],[21.075,49.359],[21.079,49.364],[21.085,49.364],[21.088,49.366],[21.094,49.365],[21.104,49.376],[21.094,49.383],[21.09,49.384],[21.084,49.388],[21.08,49.39],[21.075,49.393],[21.068,49.396],[21.069,49.4],[21.066,49.402],[21.06,49.402],[21.054,49.404],[21.05,49.411],[21.05,49.413],[21.047,49.417],[21.049,49.419],[21.055,49.421],[21.052,49.426],[21.052,49.429],[21.049,49.43],[21.049,49.434],[21.045,49.438],[21.037,49.444],[21.035,49.447],[21.027,49.452],[21.02,49.46],[21.027,49.464],[21.038,49.471],[21.041,49.474],[21.041,49.479],[21.046,49.481],[21.042,49.482],[21.036,49.49],[21.03,49.495],[21.018,49.496],[21.016,49.499],[21.008,49.506],[21.011,49.507],[21.011,49.512],[21.013,49.515],[21.01,49.518],[21.007,49.526],[20.999,49.53],[20.992,49.532],[20.993,49.529],[20.987,49.528],[20.978,49.523],[20.967,49.528],[20.963,49.528]]]}},{"type":"Feature","properties":{"teryt":"1207052"},"geometry":{"type":"Polygon","coordinates":[[[20.253,49.565],[20.262,49.568],[20.275,49.568],[20.281,49.567],[20.286,49.569],[20.293,49.57],[20.297,49.573],[20.299,49.57],[20.312,49.566],[20.32,49.561],[20.32,49.558],[20.325,49.554],[20.329,49.55],[20.329,49.545],[20.332,49.542],[20.339,49.539],[20.344,49.539],[20.347,49.537],[20.35,49.539],[20.356,49.538],[20.362,49.534],[20.365,49.539],[20.364,49.543],[20.368,49.548],[20.379,49.552],[20.381,49.556],[20.386,49.561],[20.383,49.565],[20.375,49.567],[20.37,49.575],[20.362,49.578],[20.365,49.58],[20.357,49.587],[20.362,49.588],[20.367,49.587],[20.37,49.589],[20.369,49.596],[20.366,49.603],[20.369,49.607],[20.368,49.614],[20.365,49.616],[20.37,49.621],[20.376,49.621],[20.378,49.624],[20.377,49.633],[20.376,49.638],[20.376,49.643],[20.375,49.643],[20.363,49.64],[20.351,49.638],[20.35,49.634],[20.338,49.634],[20.33,49.637],[20.323,49.636],[20.312,49.636],[20.304,49.634],[20.301,49.629],[20.305,49.625],[20.308,49.625],[20.311,49.62],[20.324,49.619],[20.322,49.614],[20.319,49.61],[20.324,49.61],[20.33,49.606],[20.327,49.6],[20.33,49.598],[20.321,49.591],[20.315,49.592],[20.309,49.596],[20.299,49.592],[20.295,49.592],[20.287,49.589],[20.277,49.589],[20.274,49.585],[20.266,49.587],[20.275,49.589],[20.27,49.591],[20.268,49.59],[20.262,49.592],[20.251,49.589],[20.252,49.583],[20.259,49.58],[20.247,49.572],[20.248,49.568],[20.253,49.565]]]}},{"type":"Feature","properties":{"teryt":"1211052"},"geometry":{"type":"Polygon","coordinates":[[[19.597,49.532],[19.601,49.528],[19.599,49.524],[19.601,49.521],[19.609,49.517],[19.614,49.512],[19.621,49.506],[19.624,49.504],[19.628,49.499],[19.633,49.494],[19.638,49.487],[19.645,49.481],[19.651,49.475],[19.652,49.472],[19.648,49.465],[19.641,49.458],[19.643,49.455],[19.642,49.45],[19.638,49.448],[19.638,49.441],[19.644,49.437],[19.649,49.435],[19.648,49.433],[19.647,49.433],[19.648,49.433],[19.647,49.433],[19.644,49.431],[19.638,49.422],[19.638,49.419],[19.635,49.413],[19.639,49.409],[19.645,49.409],[19.651,49.41],[19.653,49.408],[19.657,49.408],[19.672,49.404],[19.675,49.405],[19.68,49.402],[19.684,49.403],[19.695,49.399],[19.701,49.399],[19.703,49.395],[19.71,49.393],[19.714,49.392],[19.718,49.389],[19.719,49.387],[19.73,49.392],[19.739,49.401],[19.742,49.406],[19.746,49.408],[19.768,49.413],[19.776,49.412],[19.779,49.424],[19.771,49.433],[19.764,49.443],[19.753,49.459],[19.746,49.461],[19.747,49.467],[19.741,49.476],[19.739,49.481],[19.741,49.487],[19.743,49.489],[19.744,49.49],[19.745,49.492],[19.751,49.497],[19.758,49.5],[19.756,49.501],[19.755,49.501],[19.754,49.501],[19.755,49.501],[19.754,49.501],[19.754,49.502],[19.753,49.503],[19.758,49.51],[19.757,49.512],[19.762,49.517],[19.762,49.519],[19.757,49.528],[19.764,49.529],[19.76,49.533],[19.757,49.543],[19.764,49.55],[19.765,49.556],[19.757,49.557],[19.753,49.56],[19.751,49.562],[19.753,49.567],[19.752,49.572],[19.747,49.572],[19.735,49.572],[19.73,49.576],[19.721,49.577],[19.712,49.577],[19.708,49.576],[19.703,49.576],[19.699,49.579],[19.695,49.579],[19.685,49.575],[19.681,49.574],[19.677,49.576],[19.671,49.583],[19.665,49.585],[19.658,49.59],[19.657,49.595],[19.64,49.604],[19.627,49.613],[19.625,49.618],[19.622,49.62],[19.619,49.624],[19.609,49.622],[19.595,49.623],[19.59,49.623],[19.589,49.618],[19.587,49.613],[19.594,49.604],[19.596,49.599],[19.592,49.593],[19.582,49.588],[19.589,49.584],[19.593,49.579],[19.596,49.578],[19.6,49.575],[19.603,49.571],[19.607,49.568],[19.588,49.564],[19.583,49.563],[19.577,49.561],[19.571,49.561],[19.568,49.559],[19.565,49.554],[19.567,49.551],[19.574,49.55],[19.577,49.545],[19.576,49.543],[19.579,49.541],[19.592,49.54],[19.593,49.536],[19.597,49.532]]]}},{"type":"Feature","properties":{"teryt":"1208022"},"geometry":{"type":"MultiPolygon","coordinates":[[[[19.938,50.355],[19.918,50.356],[19.922,50.363],[19.92,50.366],[19.92,50.373],[19.914,50.376],[19.905,50.377],[19.904,50.378],[19.896,50.377],[19.896,50.38],[19.9,50.387],[19.898,50.392],[19.891,50.393],[19.891,50.395],[19.886,50.395],[19.885,50.393],[19.88,50.393],[19.872,50.395],[19.868,50.389],[19.862,50.393],[19.851,50.393],[19.849,50.387],[19.851,50.377],[19.849,50.375],[19.847,50.37],[19.854,50.37],[19.854,50.366],[19.85,50.361],[19.847,50.361],[19.844,50.359],[19.843,50.354],[19.837,50.355],[19.833,50.353],[19.832,50.349],[19.829,50.34],[19.825,50.328],[19.841,50.323],[19.841,50.321],[19.85,50.316],[19.855,50.315],[19.861,50.316],[19.867,50.315],[19.883,50.309],[19.892,50.31],[19.907,50.306],[19.91,50.304],[19.921,50.299],[19.914,50.292],[19.912,50.292],[19.901,50.285],[19.901,50.276],[19.907,50.276],[19.911,50.28],[19.917,50.278],[19.929,50.275],[19.93,50.272],[19.928,50.27],[19.923,50.269],[19.921,50.26],[19.925,50.259],[19.929,50.264],[19.938,50.264],[19.942,50.268],[19.942,50.273],[19.942,50.278],[19.946,50.282],[19.958,50.283],[19.963,50.281],[19.971,50.282],[19.982,50.282],[19.995,50.28],[19.996,50.283],[20.01,50.286],[20.016,50.289],[20.019,50.294],[20.023,50.294],[20.023,50.296],[20.007,50.299],[20.004,50.304],[20.005,50.308],[19.993,50.311],[19.988,50.311],[19.974,50.311],[19.965,50.311],[19.968,50.315],[19.966,50.317],[19.968,50.324],[19.967,50.328],[19.969,50.331],[19.972,50.331],[19.978,50.332],[19.977,50.335],[19.971,50.342],[19.968,50.343],[19.971,50.346],[19.959,50.348],[19.941,50.349],[19.938,50.355]]],[[[19.881,50.399],[19.88,50.396],[19.886,50.395],[19.887,50.398],[19.881,50.399]]]]}},{"type":"Feature","properties":{"teryt":"1202012"},"geometry":{"type":"Polygon","coordinates":[[[20.786,50.007],[20.787,50.017],[20.782,50.018],[20.798,50.023],[20.798,50.026],[20.792,50.028],[20.782,50.029],[20.765,50.031],[20.759,50.03],[20.755,50.033],[20.756,50.036],[20.759,50.038],[20.756,50.042],[20.758,50.046],[20.758,50.053],[20.764,50.056],[20.77,50.058],[20.773,50.061],[20.776,50.067],[20.779,50.069],[20.784,50.071],[20.781,50.07],[20.774,50.088],[20.781,50.091],[20.775,50.094],[20.77,50.103],[20.761,50.103],[20.757,50.112],[20.744,50.11],[20.744,50.113],[20.735,50.113],[20.735,50.117],[20.73,50.12],[20.719,50.119],[20.717,50.122],[20.71,50.124],[20.706,50.126],[20.702,50.123],[20.698,50.124],[20.692,50.123],[20.684,50.116],[20.68,50.118],[20.677,50.115],[20.68,50.11],[20.678,50.107],[20.679,50.104],[20.675,50.102],[20.67,50.096],[20.656,50.098],[20.652,50.093],[20.651,50.082],[20.654,50.08],[20.647,50.079],[20.648,50.074],[20.647,50.069],[20.649,50.068],[20.658,50.062],[20.661,50.059],[20.655,50.06],[20.645,50.062],[20.64,50.058],[20.639,50.051],[20.641,50.05],[20.645,50.046],[20.641,50.046],[20.637,50.044],[20.63,50.045],[20.627,50.041],[20.625,50.04],[20.627,50.036],[20.637,50.028],[20.639,50.024],[20.642,50.022],[20.645,50.018],[20.653,50.015],[20.658,50.011],[20.664,50.011],[20.674,50.007],[20.682,50.01],[20.695,50.013],[20.713,50.025],[20.716,50.023],[20.713,50.021],[20.717,50.017],[20.717,50.011],[20.715,50.008],[20.718,50.004],[20.723,50.004],[20.74,50.004],[20.746,50.007],[20.751,50.013],[20.763,50.014],[20.765,50.02],[20.769,50.02],[20.776,50.018],[20.779,50.015],[20.775,50.012],[20.773,50.008],[20.786,50.007]]]}},{"type":"Feature","properties":{"teryt":"1202052"},"geometry":{"type":"Polygon","coordinates":[[[20.672,49.876],[20.667,49.878],[20.673,49.881],[20.677,49.883],[20.679,49.886],[20.691,49.891],[20.688,49.892],[20.693,49.894],[20.698,49.898],[20.692,49.898],[20.686,49.898],[20.676,49.901],[20.673,49.903],[20.665,49.907],[20.661,49.911],[20.661,49.916],[20.657,49.918],[20.652,49.926],[20.65,49.93],[20.643,49.93],[20.64,49.926],[20.629,49.926],[20.622,49.929],[20.606,49.93],[20.592,49.927],[20.589,49.923],[20.585,49.924],[20.581,49.919],[20.574,49.919],[20.57,49.916],[20.567,49.916],[20.567,49.91],[20.569,49.907],[20.567,49.904],[20.566,49.896],[20.564,49.892],[20.559,49.889],[20.557,49.887],[20.555,49.885],[20.554,49.881],[20.557,49.879],[20.556,49.875],[20.56,49.87],[20.563,49.861],[20.566,49.858],[20.576,49.853],[20.579,49.855],[20.588,49.856],[20.596,49.861],[20.608,49.866],[20.617,49.868],[20.622,49.871],[20.632,49.865],[20.638,49.866],[20.648,49.864],[20.655,49.867],[20.661,49.866],[20.662,49.869],[20.667,49.869],[20.675,49.868],[20.677,49.868],[20.681,49.87],[20.679,49.873],[20.672,49.876]]]}},{"type":"Feature","properties":{"teryt":"1213033"},"geometry":{"type":"Polygon","coordinates":[[[19.282,50.077],[19.29,50.078],[19.289,50.081],[19.286,50.084],[19.28,50.085],[19.279,50.089],[19.286,50.096],[19.275,50.099],[19.277,50.102],[19.274,50.104],[19.268,50.105],[19.263,50.107],[19.259,50.117],[19.254,50.131],[19.258,50.133],[19.254,50.134],[19.249,50.131],[19.245,50.125],[19.241,50.118],[19.24,50.111],[19.233,50.108],[19.23,50.101],[19.225,50.098],[19.223,50.095],[19.223,50.088],[19.215,50.081],[19.212,50.076],[19.213,50.074],[19.22,50.073],[19.225,50.073],[19.23,50.071],[19.234,50.066],[19.238,50.06],[19.245,50.055],[19.249,50.051],[19.259,50.052],[19.268,50.046],[19.276,50.048],[19.273,50.05],[19.273,50.053],[19.279,50.06],[19.282,50.065],[19.29,50.064],[19.291,50.07],[19.285,50.069],[19.285,50.073],[19.282,50.077]]]}},{"type":"Feature","properties":{"teryt":"1215072"},"geometry":{"type":"Polygon","coordinates":[[[19.415,49.775],[19.42,49.772],[19.426,49.764],[19.431,49.762],[19.436,49.757],[19.446,49.743],[19.445,49.735],[19.441,49.733],[19.438,49.729],[19.429,49.728],[19.429,49.72],[19.419,49.715],[19.419,49.714],[19.411,49.71],[19.4,49.711],[19.396,49.707],[19.391,49.698],[19.379,49.695],[19.37,49.695],[19.38,49.69],[19.383,49.686],[19.39,49.684],[19.39,49.68],[19.392,49.677],[19.397,49.678],[19.407,49.679],[19.41,49.675],[19.414,49.673],[19.418,49.675],[19.425,49.675],[19.436,49.678],[19.441,49.681],[19.449,49.679],[19.454,49.677],[19.459,49.676],[19.465,49.668],[19.471,49.666],[19.478,49.661],[19.485,49.661],[19.493,49.667],[19.501,49.669],[19.507,49.668],[19.52,49.673],[19.524,49.672],[19.532,49.673],[19.538,49.678],[19.544,49.678],[19.551,49.682],[19.562,49.685],[19.572,49.692],[19.573,49.695],[19.572,49.699],[19.565,49.701],[19.56,49.71],[19.555,49.714],[19.553,49.717],[19.548,49.722],[19.549,49.728],[19.545,49.737],[19.542,49.74],[19.546,49.744],[19.548,49.749],[19.543,49.751],[19.541,49.757],[19.534,49.763],[19.534,49.764],[19.529,49.763],[19.528,49.76],[19.523,49.759],[19.523,49.763],[19.518,49.764],[19.518,49.772],[19.515,49.778],[19.51,49.779],[19.503,49.778],[19.497,49.777],[19.491,49.78],[19.484,49.78],[19.467,49.782],[19.458,49.782],[19.454,49.787],[19.449,49.789],[19.447,49.793],[19.449,49.796],[19.446,49.796],[19.446,49.792],[19.444,49.789],[19.438,49.787],[19.423,49.78],[19.415,49.775]]]}},{"type":"Feature","properties":{"teryt":"1216022"},"geometry":{"type":"Polygon","coordinates":[[[21.043,49.835],[21.042,49.839],[21.034,49.843],[21.03,49.845],[21.014,49.846],[21.011,49.85],[21.006,49.85],[21.002,49.852],[21,49.856],[20.996,49.858],[20.99,49.865],[20.978,49.867],[20.975,49.87],[20.975,49.874],[20.97,49.876],[20.965,49.871],[20.96,49.868],[20.953,49.866],[20.945,49.867],[20.93,49.874],[20.929,49.873],[20.922,49.876],[20.906,49.884],[20.902,49.881],[20.896,49.881],[20.886,49.881],[20.883,49.878],[20.879,49.875],[20.879,49.872],[20.876,49.866],[20.865,49.859],[20.869,49.857],[20.872,49.853],[20.876,49.85],[20.874,49.843],[20.869,49.841],[20.861,49.841],[20.853,49.84],[20.849,49.838],[20.848,49.832],[20.85,49.831],[20.858,49.831],[20.859,49.824],[20.867,49.82],[20.872,49.817],[20.878,49.817],[20.879,49.815],[20.888,49.81],[20.892,49.81],[20.896,49.807],[20.904,49.807],[20.909,49.81],[20.915,49.814],[20.918,49.818],[20.926,49.819],[20.931,49.818],[20.939,49.816],[20.946,49.815],[20.947,49.816],[20.953,49.814],[20.959,49.814],[20.97,49.817],[20.978,49.817],[20.983,49.815],[20.987,49.812],[20.995,49.814],[21.007,49.823],[21.011,49.818],[21.017,49.821],[21.021,49.824],[21.039,49.831],[21.043,49.835]]]}},{"type":"Feature","properties":{"teryt":"1261011"},"geometry":{"type":"Polygon","coordinates":[[[20.154,50.043],[20.16,50.043],[20.167,50.044],[20.184,50.048],[20.193,50.048],[20.2,50.044],[20.205,50.044],[20.21,50.045],[20.212,50.05],[20.217,50.053],[20.213,50.057],[20.207,50.065],[20.199,50.067],[20.199,50.069],[20.193,50.071],[20.195,50.074],[20.196,50.078],[20.19,50.082],[20.189,50.086],[20.193,50.088],[20.192,50.092],[20.192,50.098],[20.193,50.104],[20.197,50.108],[20.202,50.111],[20.205,50.111],[20.209,50.116],[20.204,50.116],[20.201,50.12],[20.196,50.119],[20.193,50.12],[20.185,50.117],[20.172,50.12],[20.16,50.122],[20.154,50.119],[20.147,50.114],[20.143,50.107],[20.128,50.107],[20.121,50.109],[20.12,50.117],[20.108,50.117],[20.096,50.119],[20.094,50.115],[20.088,50.114],[20.078,50.108],[20.076,50.11],[20.079,50.113],[20.07,50.113],[20.059,50.115],[20.054,50.113],[20.052,50.111],[20.047,50.109],[20.042,50.114],[20.039,50.113],[20.036,50.109],[20.032,50.108],[20.028,50.104],[20.015,50.107],[20.002,50.107],[19.993,50.107],[19.987,50.105],[19.97,50.107],[19.963,50.11],[19.958,50.108],[19.948,50.117],[19.947,50.119],[19.94,50.119],[19.94,50.116],[19.933,50.115],[19.925,50.114],[19.925,50.111],[19.928,50.105],[19.919,50.101],[19.915,50.101],[19.914,50.105],[19.909,50.118],[19.901,50.126],[19.893,50.126],[19.891,50.124],[19.884,50.122],[19.879,50.119],[19.875,50.111],[19.867,50.107],[19.862,50.106],[19.864,50.102],[19.867,50.099],[19.861,50.093],[19.852,50.094],[19.838,50.091],[19.834,50.088],[19.831,50.089],[19.824,50.083],[19.819,50.081],[19.811,50.08],[19.808,50.078],[19.806,50.072],[19.802,50.069],[19.805,50.065],[19.805,50.062],[19.809,50.061],[19.811,50.059],[19.817,50.059],[19.821,50.058],[19.82,50.052],[19.811,50.043],[19.813,50.035],[19.819,50.032],[19.826,50.032],[19.829,50.026],[19.829,50.025],[19.821,50.021],[19.816,50.021],[19.812,50.025],[19.806,50.026],[19.803,50.024],[19.801,50.019],[19.798,50.016],[19.794,50.015],[19.792,50.012],[19.795,50.006],[19.797,49.997],[19.792,49.993],[19.801,49.996],[19.804,49.993],[19.81,49.992],[19.812,49.995],[19.819,49.997],[19.838,49.995],[19.85,49.995],[19.848,49.99],[19.849,49.985],[19.857,49.986],[19.865,49.983],[19.863,49.98],[19.863,49.975],[19.868,49.975],[19.869,49.973],[19.879,49.971],[19.882,49.975],[19.887,49.98],[19.888,49.981],[19.898,49.981],[19.91,49.982],[19.913,49.98],[19.919,49.98],[19.926,49.981],[19.933,49.978],[19.934,49.976],[19.942,49.974],[19.956,49.969],[19.963,49.969],[19.963,49.972],[19.967,49.974],[19.964,49.978],[19.97,49.98],[19.977,49.981],[19.982,49.98],[19.981,49.973],[19.997,49.974],[20.001,49.976],[20.008,49.975],[20.01,49.98],[20.019,49.986],[20.016,49.989],[20.014,49.993],[20.011,49.995],[20.005,49.997],[20.003,49.999],[20.006,50.003],[20.019,50.004],[20.029,50.001],[20.036,50.001],[20.039,50],[20.048,49.999],[20.048,50.004],[20.051,50.004],[20.061,50.005],[20.066,50.008],[20.07,50.019],[20.068,50.025],[20.074,50.032],[20.082,50.035],[20.08,50.036],[20.08,50.041],[20.089,50.045],[20.092,50.042],[20.092,50.038],[20.099,50.038],[20.103,50.041],[20.107,50.042],[20.118,50.042],[20.125,50.04],[20.131,50.041],[20.134,50.044],[20.138,50.046],[20.142,50.046],[20.154,50.043]]]}},{"type":"Feature","properties":{"teryt":"1205033"},"geometry":{"type":"Polygon","coordinates":[[[21.006,49.747],[21.001,49.745],[20.992,49.744],[20.979,49.742],[20.969,49.744],[20.963,49.747],[20.96,49.747],[20.954,49.742],[20.946,49.742],[20.946,49.738],[20.94,49.734],[20.944,49.731],[20.94,49.729],[20.933,49.729],[20.927,49.731],[20.922,49.731],[20.919,49.732],[20.912,49.739],[20.909,49.74],[20.904,49.736],[20.898,49.732],[20.895,49.733],[20.883,49.732],[20.887,49.729],[20.892,49.722],[20.892,49.715],[20.886,49.706],[20.889,49.702],[20.896,49.696],[20.898,49.692],[20.906,49.687],[20.908,49.684],[20.913,49.683],[20.918,49.681],[20.92,49.679],[20.928,49.679],[20.932,49.678],[20.938,49.673],[20.945,49.671],[20.948,49.667],[20.951,49.668],[20.953,49.672],[20.957,49.672],[20.962,49.68],[20.962,49.682],[20.976,49.684],[20.981,49.686],[20.993,49.688],[21.003,49.689],[21.004,49.696],[21.008,49.695],[21.01,49.7],[21.007,49.702],[21.002,49.708],[21,49.71],[20.995,49.716],[20.992,49.721],[20.991,49.731],[21.001,49.737],[21.005,49.741],[21.008,49.741],[21.009,49.745],[21.006,49.747]]]}},{"type":"Feature","properties":{"teryt":"1206032"},"geometry":{"type":"Polygon","coordinates":[[[20.03,50.202],[20.018,50.207],[20.023,50.211],[20.026,50.212],[20.027,50.215],[20.034,50.22],[20.029,50.225],[20.024,50.241],[20.022,50.241],[20.017,50.255],[20.008,50.257],[20.011,50.261],[20.01,50.264],[20.012,50.271],[20.006,50.279],[19.995,50.28],[19.982,50.282],[19.971,50.282],[19.963,50.281],[19.958,50.283],[19.946,50.282],[19.942,50.278],[19.942,50.273],[19.942,50.268],[19.938,50.264],[19.929,50.264],[19.925,50.259],[19.933,50.257],[19.935,50.254],[19.93,50.251],[19.92,50.249],[19.927,50.247],[19.926,50.244],[19.933,50.24],[19.929,50.237],[19.925,50.23],[19.919,50.23],[19.919,50.219],[19.929,50.209],[19.926,50.206],[19.92,50.201],[19.918,50.199],[19.927,50.196],[19.925,50.193],[19.917,50.187],[19.914,50.182],[19.917,50.181],[19.925,50.174],[19.939,50.174],[19.943,50.173],[19.945,50.177],[19.944,50.186],[19.955,50.186],[19.968,50.187],[19.968,50.188],[19.983,50.187],[19.982,50.189],[19.992,50.188],[19.99,50.186],[19.996,50.185],[20.003,50.191],[20.008,50.197],[20.013,50.195],[20.027,50.19],[20.029,50.192],[20.027,50.196],[20.03,50.202]]]}},{"type":"Feature","properties":{"teryt":"1206022"},"geometry":{"type":"Polygon","coordinates":[[[20.279,50.159],[20.277,50.157],[20.278,50.152],[20.282,50.149],[20.283,50.146],[20.279,50.14],[20.279,50.135],[20.277,50.131],[20.272,50.134],[20.266,50.135],[20.266,50.13],[20.263,50.12],[20.258,50.119],[20.252,50.116],[20.25,50.113],[20.245,50.116],[20.236,50.113],[20.235,50.111],[20.228,50.111],[20.219,50.113],[20.209,50.116],[20.205,50.111],[20.202,50.111],[20.197,50.108],[20.193,50.104],[20.192,50.098],[20.192,50.092],[20.193,50.088],[20.189,50.086],[20.19,50.082],[20.196,50.078],[20.195,50.074],[20.193,50.071],[20.199,50.069],[20.199,50.067],[20.207,50.065],[20.213,50.057],[20.217,50.053],[20.226,50.057],[20.229,50.059],[20.234,50.068],[20.239,50.069],[20.248,50.066],[20.255,50.066],[20.257,50.071],[20.26,50.075],[20.265,50.076],[20.275,50.077],[20.284,50.08],[20.289,50.084],[20.292,50.088],[20.292,50.094],[20.296,50.098],[20.299,50.098],[20.314,50.094],[20.324,50.094],[20.331,50.092],[20.34,50.092],[20.347,50.096],[20.348,50.1],[20.345,50.104],[20.34,50.109],[20.343,50.113],[20.348,50.114],[20.354,50.117],[20.349,50.12],[20.339,50.123],[20.332,50.122],[20.322,50.122],[20.32,50.129],[20.319,50.137],[20.323,50.139],[20.329,50.144],[20.332,50.146],[20.329,50.149],[20.327,50.154],[20.323,50.159],[20.317,50.161],[20.307,50.155],[20.293,50.156],[20.289,50.155],[20.284,50.159],[20.279,50.159]]]}},{"type":"Feature","properties":{"teryt":"1206042"},"geometry":{"type":"Polygon","coordinates":[[[19.801,50.222],[19.796,50.226],[19.791,50.225],[19.791,50.229],[19.786,50.231],[19.782,50.231],[19.781,50.235],[19.786,50.236],[19.781,50.24],[19.77,50.245],[19.768,50.242],[19.763,50.237],[19.756,50.242],[19.741,50.237],[19.738,50.234],[19.73,50.237],[19.73,50.239],[19.72,50.243],[19.722,50.246],[19.705,50.258],[19.699,50.258],[19.695,50.26],[19.686,50.262],[19.685,50.255],[19.681,50.248],[19.677,50.243],[19.678,50.241],[19.669,50.231],[19.664,50.233],[19.658,50.225],[19.656,50.219],[19.656,50.215],[19.652,50.214],[19.644,50.209],[19.645,50.203],[19.648,50.2],[19.653,50.195],[19.661,50.193],[19.665,50.189],[19.673,50.184],[19.681,50.183],[19.683,50.184],[19.689,50.184],[19.69,50.185],[19.697,50.185],[19.7,50.183],[19.7,50.177],[19.703,50.168],[19.716,50.162],[19.724,50.161],[19.727,50.166],[19.721,50.175],[19.722,50.178],[19.725,50.178],[19.728,50.176],[19.741,50.176],[19.744,50.176],[19.753,50.182],[19.767,50.187],[19.767,50.189],[19.774,50.192],[19.779,50.192],[19.789,50.197],[19.787,50.199],[19.782,50.204],[19.783,50.206],[19.79,50.208],[19.792,50.206],[19.809,50.209],[19.804,50.213],[19.801,50.217],[19.801,50.222]]]}},{"type":"Feature","properties":{"teryt":"1262011"},"geometry":{"type":"Polygon","coordinates":[[[20.761,49.607],[20.755,49.613],[20.748,49.62],[20.75,49.622],[20.748,49.631],[20.744,49.632],[20.746,49.636],[20.738,49.636],[20.734,49.64],[20.731,49.638],[20.725,49.64],[20.726,49.647],[20.721,49.648],[20.724,49.652],[20.717,49.657],[20.708,49.653],[20.705,49.653],[20.701,49.656],[20.69,49.657],[20.688,49.666],[20.677,49.664],[20.679,49.658],[20.673,49.65],[20.67,49.649],[20.666,49.642],[20.668,49.635],[20.667,49.63],[20.668,49.626],[20.667,49.622],[20.678,49.622],[20.682,49.621],[20.68,49.617],[20.68,49.614],[20.677,49.611],[20.671,49.609],[20.667,49.601],[20.657,49.597],[20.654,49.595],[20.651,49.589],[20.648,49.582],[20.655,49.576],[20.655,49.572],[20.66,49.567],[20.668,49.566],[20.67,49.569],[20.672,49.577],[20.675,49.577],[20.679,49.574],[20.688,49.571],[20.696,49.571],[20.698,49.566],[20.696,49.563],[20.708,49.559],[20.718,49.555],[20.724,49.561],[20.728,49.564],[20.732,49.569],[20.746,49.574],[20.748,49.577],[20.751,49.579],[20.746,49.583],[20.743,49.588],[20.745,49.591],[20.743,49.595],[20.744,49.598],[20.742,49.602],[20.758,49.598],[20.765,49.599],[20.762,49.601],[20.761,49.607]]]}},{"type":"Feature","properties":{"teryt":"1213023"},"geometry":{"type":"Polygon","coordinates":[[[19.093,49.957],[19.087,49.954],[19.083,49.951],[19.087,49.949],[19.091,49.951],[19.098,49.952],[19.102,49.948],[19.119,49.939],[19.127,49.938],[19.131,49.94],[19.141,49.94],[19.142,49.938],[19.152,49.94],[19.162,49.94],[19.162,49.944],[19.169,49.947],[19.175,49.947],[19.187,49.951],[19.189,49.952],[19.195,49.951],[19.2,49.957],[19.204,49.959],[19.21,49.966],[19.207,49.97],[19.203,49.971],[19.204,49.977],[19.208,49.98],[19.209,49.984],[19.206,49.988],[19.205,49.996],[19.2,49.994],[19.193,49.996],[19.18,49.994],[19.182,49.999],[19.177,50.001],[19.176,50.005],[19.172,50.004],[19.169,50.008],[19.159,50.009],[19.15,50.011],[19.134,50.015],[19.132,50.017],[19.129,50.018],[19.128,50.014],[19.124,50.011],[19.119,50.009],[19.121,50.006],[19.118,50.004],[19.117,49.999],[19.111,49.996],[19.12,49.992],[19.12,49.986],[19.115,49.985],[19.118,49.982],[19.11,49.977],[19.114,49.975],[19.111,49.972],[19.12,49.973],[19.118,49.968],[19.124,49.967],[19.12,49.961],[19.112,49.959],[19.108,49.96],[19.102,49.958],[19.099,49.958],[19.093,49.957]]]}},{"type":"Feature","properties":{"teryt":"1216032"},"geometry":{"type":"Polygon","coordinates":[[[20.959,50.065],[20.969,50.065],[20.981,50.065],[20.985,50.062],[20.99,50.065],[20.997,50.065],[21.012,50.062],[21.013,50.061],[21.009,50.053],[21.026,50.055],[21.035,50.051],[21.034,50.047],[21.042,50.05],[21.048,50.051],[21.053,50.054],[21.069,50.054],[21.075,50.055],[21.08,50.053],[21.107,50.058],[21.105,50.063],[21.11,50.065],[21.115,50.065],[21.12,50.068],[21.125,50.066],[21.127,50.069],[21.136,50.071],[21.149,50.068],[21.157,50.067],[21.16,50.068],[21.165,50.067],[21.171,50.067],[21.175,50.07],[21.176,50.073],[21.18,50.076],[21.179,50.081],[21.169,50.079],[21.164,50.084],[21.16,50.09],[21.199,50.095],[21.196,50.097],[21.185,50.1],[21.184,50.103],[21.187,50.106],[21.177,50.112],[21.181,50.118],[21.186,50.119],[21.192,50.118],[21.193,50.12],[21.149,50.126],[21.146,50.13],[21.146,50.135],[21.153,50.135],[21.156,50.137],[21.164,50.136],[21.174,50.141],[21.176,50.143],[21.167,50.144],[21.152,50.148],[21.132,50.136],[21.127,50.129],[21.128,50.127],[21.137,50.124],[21.139,50.121],[21.14,50.115],[21.107,50.113],[21.1,50.114],[21.096,50.113],[21.087,50.115],[21.08,50.115],[21.074,50.112],[21.06,50.107],[21.053,50.108],[21.034,50.112],[21.028,50.111],[21.03,50.115],[21.02,50.115],[21.013,50.12],[21.015,50.124],[21.01,50.126],[21,50.123],[21,50.117],[20.994,50.115],[20.991,50.117],[20.983,50.116],[20.981,50.112],[20.978,50.11],[20.973,50.111],[20.969,50.114],[20.962,50.112],[20.957,50.112],[20.949,50.112],[20.947,50.114],[20.943,50.112],[20.942,50.108],[20.939,50.105],[20.942,50.102],[20.942,50.089],[20.942,50.085],[20.946,50.079],[20.951,50.078],[20.959,50.072],[20.959,50.065]]]}},{"type":"Feature","properties":{"teryt":"1209092"},"geometry":{"type":"Polygon","coordinates":[[[20.153,49.805],[20.152,49.806],[20.153,49.814],[20.146,49.813],[20.14,49.816],[20.134,49.817],[20.125,49.817],[20.122,49.818],[20.12,49.824],[20.115,49.822],[20.111,49.824],[20.107,49.824],[20.102,49.827],[20.098,49.826],[20.094,49.829],[20.076,49.824],[20.071,49.822],[20.073,49.817],[20.069,49.813],[20.06,49.81],[20.053,49.805],[20.046,49.807],[20.044,49.806],[20.037,49.805],[20.032,49.802],[20.033,49.799],[20.032,49.791],[20.045,49.787],[20.041,49.781],[20.044,49.78],[20.048,49.777],[20.053,49.771],[20.046,49.771],[20.043,49.768],[20.042,49.761],[20.045,49.756],[20.042,49.753],[20.04,49.747],[20.051,49.741],[20.056,49.737],[20.058,49.737],[20.07,49.733],[20.073,49.731],[20.079,49.732],[20.083,49.731],[20.092,49.733],[20.096,49.732],[20.101,49.733],[20.104,49.735],[20.105,49.74],[20.107,49.743],[20.111,49.745],[20.116,49.744],[20.127,49.744],[20.133,49.745],[20.14,49.749],[20.143,49.753],[20.142,49.759],[20.138,49.765],[20.139,49.77],[20.143,49.774],[20.15,49.776],[20.15,49.785],[20.148,49.788],[20.15,49.794],[20.153,49.798],[20.153,49.805]]]}},{"type":"Feature","properties":{"teryt":"1210011"},"geometry":{"type":"Polygon","coordinates":[[[21.008,49.61],[21.007,49.613],[20.998,49.615],[20.996,49.612],[20.991,49.613],[20.991,49.617],[20.987,49.619],[20.991,49.623],[20.981,49.625],[20.965,49.625],[20.962,49.626],[20.954,49.63],[20.952,49.633],[20.946,49.628],[20.938,49.629],[20.938,49.627],[20.931,49.627],[20.911,49.622],[20.906,49.619],[20.906,49.616],[20.913,49.606],[20.913,49.601],[20.922,49.601],[20.929,49.597],[20.932,49.594],[20.941,49.596],[20.952,49.601],[20.958,49.603],[20.959,49.607],[20.968,49.606],[20.984,49.606],[20.989,49.606],[20.997,49.606],[21,49.601],[21.004,49.603],[21.004,49.607],[21.008,49.61]]]}},{"type":"Feature","properties":{"teryt":"1210082"},"geometry":{"type":"Polygon","coordinates":[[[20.822,49.548],[20.814,49.547],[20.807,49.537],[20.805,49.537],[20.797,49.533],[20.788,49.533],[20.787,49.53],[20.781,49.527],[20.781,49.524],[20.778,49.515],[20.773,49.508],[20.769,49.505],[20.766,49.498],[20.763,49.496],[20.769,49.49],[20.769,49.486],[20.771,49.482],[20.786,49.482],[20.794,49.485],[20.804,49.479],[20.805,49.474],[20.808,49.473],[20.817,49.471],[20.82,49.469],[20.83,49.468],[20.837,49.465],[20.844,49.46],[20.845,49.458],[20.851,49.456],[20.859,49.456],[20.867,49.454],[20.872,49.45],[20.874,49.441],[20.875,49.437],[20.879,49.436],[20.884,49.438],[20.891,49.436],[20.895,49.437],[20.899,49.44],[20.905,49.441],[20.911,49.439],[20.918,49.441],[20.931,49.448],[20.935,49.448],[20.939,49.451],[20.938,49.454],[20.944,49.459],[20.947,49.463],[20.952,49.462],[20.957,49.466],[20.959,49.469],[20.956,49.472],[20.956,49.476],[20.954,49.48],[20.951,49.482],[20.941,49.483],[20.936,49.488],[20.933,49.493],[20.931,49.498],[20.94,49.501],[20.94,49.506],[20.938,49.511],[20.941,49.513],[20.943,49.517],[20.948,49.515],[20.956,49.516],[20.966,49.522],[20.963,49.524],[20.963,49.528],[20.964,49.53],[20.952,49.531],[20.948,49.534],[20.939,49.537],[20.939,49.539],[20.932,49.545],[20.925,49.545],[20.919,49.543],[20.908,49.539],[20.899,49.54],[20.885,49.542],[20.885,49.548],[20.879,49.549],[20.87,49.546],[20.866,49.546],[20.857,49.549],[20.848,49.549],[20.846,49.548],[20.836,49.548],[20.834,49.549],[20.822,49.548]]]}},{"type":"Feature","properties":{"teryt":"1210042"},"geometry":{"type":"Polygon","coordinates":[[[20.919,49.543],[20.925,49.545],[20.932,49.545],[20.939,49.539],[20.939,49.537],[20.948,49.534],[20.952,49.531],[20.964,49.53],[20.963,49.528],[20.967,49.528],[20.978,49.523],[20.987,49.528],[20.993,49.529],[20.992,49.532],[20.999,49.53],[20.999,49.533],[21.005,49.54],[21.008,49.542],[21.012,49.548],[21.018,49.552],[21.02,49.558],[21.026,49.561],[21.03,49.567],[21.024,49.569],[21.016,49.574],[21.014,49.577],[21.011,49.578],[21.007,49.586],[21.007,49.591],[21.001,49.596],[21,49.601],[20.997,49.606],[20.989,49.606],[20.984,49.606],[20.968,49.606],[20.959,49.607],[20.958,49.603],[20.952,49.601],[20.941,49.596],[20.932,49.594],[20.929,49.597],[20.922,49.601],[20.913,49.601],[20.913,49.606],[20.906,49.616],[20.906,49.619],[20.911,49.622],[20.931,49.627],[20.938,49.627],[20.938,49.629],[20.946,49.628],[20.952,49.633],[20.954,49.63],[20.962,49.626],[20.965,49.625],[20.981,49.625],[20.991,49.623],[20.987,49.619],[20.991,49.617],[20.991,49.613],[20.996,49.612],[20.998,49.615],[21.007,49.613],[21.008,49.61],[21.01,49.611],[21.018,49.611],[21.017,49.615],[21.026,49.616],[21.032,49.619],[21.044,49.621],[21.047,49.62],[21.047,49.625],[21.05,49.63],[21.049,49.634],[21.059,49.644],[21.055,49.649],[21.045,49.651],[21.038,49.656],[21.031,49.659],[21.028,49.662],[21.011,49.672],[21.004,49.677],[21.003,49.682],[21.003,49.689],[20.993,49.688],[20.981,49.686],[20.976,49.684],[20.962,49.682],[20.962,49.68],[20.957,49.672],[20.953,49.672],[20.951,49.668],[20.948,49.667],[20.945,49.665],[20.943,49.66],[20.938,49.66],[20.934,49.664],[20.928,49.666],[20.913,49.664],[20.91,49.661],[20.902,49.664],[20.892,49.669],[20.888,49.668],[20.876,49.672],[20.868,49.672],[20.862,49.667],[20.866,49.666],[20.86,49.661],[20.869,49.658],[20.856,49.658],[20.856,49.655],[20.861,49.655],[20.858,49.651],[20.852,49.641],[20.853,49.63],[20.845,49.63],[20.838,49.632],[20.837,49.634],[20.829,49.636],[20.824,49.632],[20.814,49.63],[20.809,49.626],[20.812,49.622],[20.816,49.62],[20.822,49.623],[20.826,49.62],[20.822,49.613],[20.83,49.612],[20.837,49.609],[20.836,49.607],[20.838,49.601],[20.843,49.595],[20.846,49.596],[20.854,49.601],[20.858,49.599],[20.861,49.594],[20.868,49.593],[20.884,49.586],[20.89,49.586],[20.894,49.583],[20.898,49.582],[20.906,49.579],[20.908,49.577],[20.916,49.574],[20.914,49.57],[20.915,49.562],[20.913,49.556],[20.91,49.553],[20.919,49.543]]]}},{"type":"Feature","properties":{"teryt":"1210113"},"geometry":{"type":"Polygon","coordinates":[[[21.026,49.366],[21.017,49.363],[21.012,49.364],[21.006,49.364],[21.001,49.365],[20.992,49.371],[20.988,49.371],[20.988,49.368],[20.986,49.367],[20.979,49.376],[20.987,49.377],[20.984,49.381],[20.974,49.383],[20.971,49.384],[20.966,49.382],[20.956,49.38],[20.948,49.381],[20.937,49.38],[20.93,49.385],[20.928,49.39],[20.926,49.392],[20.926,49.398],[20.919,49.404],[20.918,49.406],[20.908,49.409],[20.899,49.419],[20.888,49.428],[20.877,49.432],[20.875,49.437],[20.874,49.441],[20.87,49.443],[20.866,49.441],[20.859,49.441],[20.855,49.443],[20.851,49.439],[20.848,49.435],[20.848,49.432],[20.844,49.428],[20.84,49.426],[20.838,49.417],[20.834,49.414],[20.833,49.409],[20.827,49.406],[20.823,49.407],[20.817,49.407],[20.812,49.406],[20.81,49.402],[20.802,49.404],[20.798,49.402],[20.795,49.396],[20.789,49.396],[20.786,49.395],[20.784,49.391],[20.777,49.388],[20.776,49.386],[20.779,49.379],[20.779,49.375],[20.786,49.374],[20.788,49.372],[20.782,49.366],[20.782,49.362],[20.784,49.361],[20.789,49.361],[20.794,49.363],[20.8,49.363],[20.809,49.359],[20.81,49.355],[20.806,49.355],[20.804,49.36],[20.8,49.36],[20.798,49.358],[20.802,49.356],[20.801,49.35],[20.796,49.345],[20.799,49.343],[20.81,49.348],[20.813,49.347],[20.816,49.344],[20.819,49.342],[20.819,49.339],[20.826,49.334],[20.833,49.335],[20.84,49.335],[20.843,49.339],[20.849,49.341],[20.853,49.346],[20.86,49.348],[20.865,49.348],[20.868,49.346],[20.87,49.342],[20.878,49.335],[20.882,49.333],[20.881,49.326],[20.878,49.32],[20.884,49.319],[20.887,49.32],[20.891,49.324],[20.897,49.325],[20.903,49.324],[20.907,49.321],[20.903,49.316],[20.91,49.311],[20.911,49.307],[20.917,49.305],[20.924,49.299],[20.924,49.297],[20.931,49.297],[20.933,49.298],[20.94,49.299],[20.945,49.302],[20.949,49.302],[20.962,49.306],[20.963,49.309],[20.97,49.31],[20.976,49.31],[20.987,49.307],[20.994,49.313],[20.994,49.316],[20.99,49.319],[20.988,49.323],[20.988,49.327],[20.991,49.329],[20.999,49.333],[21.004,49.333],[21.008,49.335],[21.009,49.337],[21.007,49.34],[21.011,49.348],[21.016,49.347],[21.022,49.352],[21.025,49.354],[21.027,49.357],[21.034,49.359],[21.026,49.366]]]}},{"type":"Feature","properties":{"teryt":"1210142"},"geometry":{"type":"Polygon","coordinates":[[[20.657,49.597],[20.645,49.604],[20.641,49.608],[20.633,49.611],[20.621,49.614],[20.622,49.616],[20.616,49.616],[20.602,49.62],[20.602,49.621],[20.596,49.627],[20.59,49.627],[20.588,49.631],[20.579,49.639],[20.579,49.645],[20.575,49.643],[20.573,49.644],[20.563,49.643],[20.556,49.638],[20.549,49.636],[20.542,49.64],[20.534,49.647],[20.53,49.646],[20.526,49.647],[20.525,49.643],[20.527,49.638],[20.523,49.629],[20.53,49.625],[20.538,49.623],[20.541,49.619],[20.547,49.615],[20.547,49.611],[20.542,49.603],[20.545,49.601],[20.541,49.598],[20.551,49.59],[20.545,49.589],[20.544,49.586],[20.54,49.583],[20.531,49.58],[20.523,49.58],[20.516,49.579],[20.505,49.578],[20.487,49.579],[20.478,49.574],[20.473,49.574],[20.472,49.568],[20.476,49.569],[20.496,49.569],[20.503,49.567],[20.507,49.565],[20.509,49.562],[20.512,49.56],[20.513,49.555],[20.52,49.549],[20.526,49.548],[20.527,49.55],[20.533,49.549],[20.541,49.548],[20.558,49.551],[20.568,49.547],[20.578,49.555],[20.588,49.562],[20.598,49.564],[20.608,49.569],[20.608,49.572],[20.612,49.576],[20.616,49.578],[20.627,49.581],[20.631,49.583],[20.642,49.587],[20.651,49.589],[20.654,49.595],[20.657,49.597]]]}},{"type":"Feature","properties":{"teryt":"1210163"},"geometry":{"type":"Polygon","coordinates":[[[20.572,49.467],[20.574,49.471],[20.581,49.476],[20.585,49.476],[20.588,49.48],[20.593,49.481],[20.604,49.481],[20.616,49.485],[20.618,49.487],[20.623,49.487],[20.628,49.488],[20.632,49.487],[20.641,49.489],[20.645,49.493],[20.65,49.495],[20.654,49.501],[20.658,49.499],[20.663,49.501],[20.67,49.501],[20.675,49.503],[20.682,49.508],[20.684,49.507],[20.697,49.51],[20.701,49.513],[20.705,49.512],[20.719,49.512],[20.721,49.507],[20.721,49.502],[20.727,49.503],[20.732,49.501],[20.734,49.508],[20.733,49.51],[20.735,49.513],[20.723,49.52],[20.722,49.522],[20.714,49.521],[20.708,49.523],[20.705,49.525],[20.698,49.527],[20.696,49.538],[20.692,49.544],[20.683,49.544],[20.683,49.552],[20.68,49.561],[20.682,49.563],[20.688,49.565],[20.696,49.563],[20.698,49.566],[20.696,49.571],[20.688,49.571],[20.679,49.574],[20.675,49.577],[20.672,49.577],[20.67,49.569],[20.668,49.566],[20.66,49.567],[20.655,49.572],[20.655,49.576],[20.648,49.582],[20.651,49.589],[20.642,49.587],[20.631,49.583],[20.627,49.581],[20.616,49.578],[20.612,49.576],[20.608,49.572],[20.608,49.569],[20.598,49.564],[20.588,49.562],[20.578,49.555],[20.568,49.547],[20.559,49.541],[20.557,49.536],[20.555,49.535],[20.546,49.534],[20.538,49.532],[20.535,49.529],[20.535,49.522],[20.539,49.517],[20.545,49.517],[20.547,49.514],[20.546,49.506],[20.543,49.505],[20.541,49.502],[20.537,49.501],[20.54,49.492],[20.54,49.486],[20.543,49.484],[20.539,49.473],[20.546,49.47],[20.55,49.47],[20.553,49.468],[20.56,49.466],[20.572,49.467]]]}},{"type":"Feature","properties":{"teryt":"1211102"},"geometry":{"type":"Polygon","coordinates":[[[20.339,49.49],[20.346,49.487],[20.349,49.487],[20.36,49.481],[20.374,49.477],[20.38,49.474],[20.385,49.473],[20.39,49.468],[20.399,49.468],[20.402,49.465],[20.411,49.468],[20.423,49.468],[20.432,49.464],[20.439,49.466],[20.458,49.469],[20.47,49.472],[20.463,49.479],[20.465,49.482],[20.46,49.488],[20.454,49.491],[20.45,49.491],[20.444,49.493],[20.444,49.497],[20.447,49.5],[20.445,49.506],[20.446,49.512],[20.445,49.514],[20.43,49.515],[20.42,49.518],[20.418,49.514],[20.406,49.518],[20.404,49.522],[20.4,49.524],[20.395,49.526],[20.391,49.531],[20.384,49.532],[20.381,49.534],[20.375,49.535],[20.373,49.536],[20.362,49.534],[20.356,49.538],[20.35,49.539],[20.347,49.537],[20.344,49.539],[20.339,49.539],[20.332,49.542],[20.329,49.545],[20.329,49.55],[20.325,49.554],[20.32,49.558],[20.32,49.561],[20.312,49.566],[20.299,49.57],[20.297,49.573],[20.293,49.57],[20.286,49.569],[20.281,49.567],[20.275,49.568],[20.262,49.568],[20.253,49.565],[20.247,49.561],[20.239,49.558],[20.225,49.556],[20.214,49.551],[20.204,49.55],[20.199,49.551],[20.189,49.55],[20.183,49.55],[20.177,49.549],[20.17,49.547],[20.158,49.548],[20.149,49.543],[20.145,49.53],[20.147,49.523],[20.151,49.515],[20.167,49.512],[20.18,49.508],[20.187,49.505],[20.194,49.499],[20.2,49.501],[20.202,49.498],[20.211,49.499],[20.211,49.496],[20.217,49.494],[20.224,49.494],[20.23,49.491],[20.24,49.491],[20.245,49.492],[20.26,49.497],[20.266,49.497],[20.272,49.492],[20.277,49.492],[20.279,49.49],[20.283,49.491],[20.289,49.49],[20.298,49.491],[20.3,49.492],[20.31,49.491],[20.324,49.492],[20.339,49.49]]]}},{"type":"Feature","properties":{"teryt":"1212011"},"geometry":{"type":"Polygon","coordinates":[[[19.492,50.227],[19.495,50.227],[19.499,50.225],[19.498,50.241],[19.511,50.241],[19.509,50.272],[19.503,50.271],[19.498,50.276],[19.489,50.27],[19.485,50.274],[19.489,50.277],[19.486,50.279],[19.478,50.279],[19.473,50.282],[19.472,50.286],[19.463,50.288],[19.45,50.289],[19.447,50.285],[19.406,50.292],[19.409,50.297],[19.404,50.297],[19.401,50.297],[19.4,50.293],[19.395,50.29],[19.388,50.289],[19.384,50.282],[19.387,50.279],[19.382,50.273],[19.374,50.272],[19.372,50.268],[19.362,50.264],[19.363,50.261],[19.359,50.259],[19.354,50.266],[19.339,50.263],[19.337,50.262],[19.328,50.262],[19.323,50.259],[19.34,50.25],[19.393,50.233],[19.397,50.232],[19.407,50.232],[19.411,50.233],[19.421,50.23],[19.429,50.226],[19.435,50.227],[19.442,50.227],[19.451,50.225],[19.457,50.225],[19.466,50.227],[19.484,50.229],[19.492,50.227]]]}},{"type":"Feature","properties":{"teryt":"1213082"},"geometry":{"type":"Polygon","coordinates":[[[19.399,50.028],[19.399,50.031],[19.397,50.033],[19.398,50.035],[19.394,50.038],[19.39,50.038],[19.384,50.036],[19.379,50.036],[19.375,50.039],[19.373,50.045],[19.369,50.046],[19.365,50.044],[19.359,50.043],[19.354,50.044],[19.354,50.037],[19.353,50.028],[19.35,50.024],[19.351,50.018],[19.349,50.015],[19.344,50.013],[19.343,50.01],[19.34,50.008],[19.336,50.004],[19.337,50.003],[19.345,49.996],[19.35,49.994],[19.355,49.989],[19.351,49.988],[19.348,49.984],[19.346,49.976],[19.347,49.974],[19.346,49.963],[19.345,49.956],[19.35,49.949],[19.35,49.947],[19.354,49.945],[19.365,49.948],[19.369,49.952],[19.381,49.959],[19.391,49.959],[19.4,49.961],[19.397,49.968],[19.395,49.971],[19.391,49.979],[19.393,49.981],[19.39,49.984],[19.391,49.989],[19.4,49.988],[19.403,49.995],[19.405,50.001],[19.405,50.012],[19.403,50.016],[19.396,50.021],[19.396,50.027],[19.399,50.028]]]}},{"type":"Feature","properties":{"teryt":"1214012"},"geometry":{"type":"Polygon","coordinates":[[[20.156,50.204],[20.166,50.203],[20.165,50.195],[20.172,50.191],[20.175,50.191],[20.175,50.187],[20.167,50.184],[20.165,50.182],[20.161,50.18],[20.166,50.175],[20.168,50.176],[20.17,50.17],[20.162,50.166],[20.152,50.162],[20.148,50.162],[20.146,50.157],[20.146,50.155],[20.152,50.156],[20.16,50.154],[20.161,50.151],[20.171,50.15],[20.176,50.15],[20.18,50.147],[20.181,50.144],[20.188,50.143],[20.192,50.137],[20.195,50.134],[20.2,50.133],[20.205,50.13],[20.202,50.126],[20.201,50.12],[20.204,50.116],[20.209,50.116],[20.219,50.113],[20.228,50.111],[20.235,50.111],[20.236,50.113],[20.245,50.116],[20.25,50.113],[20.252,50.116],[20.258,50.119],[20.263,50.12],[20.266,50.13],[20.266,50.135],[20.272,50.134],[20.277,50.131],[20.279,50.135],[20.279,50.14],[20.283,50.146],[20.282,50.149],[20.278,50.152],[20.277,50.157],[20.279,50.159],[20.275,50.161],[20.274,50.168],[20.268,50.17],[20.267,50.175],[20.256,50.174],[20.253,50.178],[20.246,50.178],[20.246,50.182],[20.254,50.183],[20.253,50.185],[20.258,50.187],[20.259,50.192],[20.258,50.194],[20.251,50.195],[20.25,50.199],[20.245,50.204],[20.243,50.208],[20.248,50.215],[20.251,50.214],[20.253,50.21],[20.257,50.212],[20.254,50.218],[20.26,50.222],[20.26,50.225],[20.257,50.225],[20.255,50.219],[20.247,50.224],[20.249,50.227],[20.245,50.228],[20.247,50.232],[20.245,50.233],[20.235,50.234],[20.224,50.239],[20.219,50.24],[20.218,50.237],[20.211,50.234],[20.207,50.236],[20.208,50.238],[20.197,50.24],[20.195,50.239],[20.183,50.241],[20.181,50.244],[20.177,50.245],[20.173,50.24],[20.167,50.235],[20.163,50.238],[20.156,50.238],[20.154,50.232],[20.158,50.23],[20.158,50.227],[20.163,50.228],[20.172,50.225],[20.172,50.222],[20.163,50.224],[20.158,50.215],[20.156,50.204]]]}},{"type":"Feature","properties":{"teryt":"1214033"},"geometry":{"type":"Polygon","coordinates":[[[20.476,50.138],[20.476,50.143],[20.478,50.15],[20.475,50.156],[20.485,50.158],[20.485,50.17],[20.487,50.175],[20.476,50.177],[20.47,50.173],[20.462,50.172],[20.46,50.174],[20.454,50.174],[20.443,50.17],[20.437,50.172],[20.434,50.17],[20.43,50.171],[20.429,50.175],[20.422,50.176],[20.421,50.181],[20.418,50.184],[20.41,50.183],[20.412,50.179],[20.41,50.177],[20.4,50.176],[20.396,50.177],[20.389,50.176],[20.385,50.175],[20.381,50.177],[20.374,50.178],[20.367,50.177],[20.365,50.164],[20.363,50.163],[20.353,50.166],[20.343,50.166],[20.34,50.165],[20.336,50.168],[20.332,50.168],[20.329,50.164],[20.329,50.161],[20.331,50.158],[20.327,50.154],[20.329,50.149],[20.332,50.146],[20.329,50.144],[20.323,50.139],[20.319,50.137],[20.32,50.129],[20.322,50.122],[20.332,50.122],[20.339,50.123],[20.349,50.12],[20.354,50.117],[20.362,50.118],[20.369,50.114],[20.374,50.114],[20.377,50.116],[20.379,50.121],[20.386,50.123],[20.396,50.122],[20.402,50.124],[20.404,50.126],[20.405,50.13],[20.399,50.136],[20.399,50.14],[20.402,50.142],[20.409,50.143],[20.413,50.141],[20.42,50.135],[20.427,50.134],[20.434,50.137],[20.437,50.143],[20.443,50.143],[20.448,50.136],[20.452,50.133],[20.46,50.132],[20.465,50.134],[20.471,50.138],[20.476,50.138]]]}},{"type":"Feature","properties":{"teryt":"1207042"},"geometry":{"type":"Polygon","coordinates":[[[20.143,49.774],[20.145,49.772],[20.144,49.764],[20.146,49.76],[20.15,49.76],[20.157,49.763],[20.16,49.767],[20.166,49.765],[20.172,49.765],[20.179,49.769],[20.184,49.769],[20.188,49.77],[20.194,49.768],[20.197,49.763],[20.196,49.761],[20.201,49.758],[20.212,49.758],[20.225,49.754],[20.231,49.757],[20.238,49.755],[20.238,49.753],[20.238,49.75],[20.244,49.743],[20.243,49.74],[20.25,49.737],[20.252,49.742],[20.256,49.741],[20.257,49.742],[20.259,49.742],[20.26,49.742],[20.259,49.742],[20.26,49.742],[20.268,49.741],[20.271,49.741],[20.272,49.742],[20.274,49.747],[20.277,49.747],[20.282,49.752],[20.284,49.753],[20.295,49.761],[20.293,49.763],[20.294,49.77],[20.302,49.771],[20.306,49.775],[20.311,49.78],[20.313,49.782],[20.314,49.787],[20.318,49.798],[20.306,49.803],[20.303,49.805],[20.295,49.806],[20.29,49.806],[20.285,49.808],[20.282,49.808],[20.277,49.811],[20.272,49.813],[20.273,49.818],[20.267,49.821],[20.265,49.825],[20.26,49.829],[20.257,49.83],[20.252,49.829],[20.244,49.83],[20.243,49.828],[20.234,49.823],[20.227,49.824],[20.221,49.822],[20.222,49.818],[20.214,49.816],[20.211,49.813],[20.211,49.812],[20.21,49.812],[20.211,49.811],[20.214,49.808],[20.207,49.807],[20.207,49.808],[20.199,49.809],[20.196,49.806],[20.19,49.804],[20.181,49.806],[20.177,49.805],[20.176,49.805],[20.175,49.805],[20.172,49.801],[20.165,49.801],[20.156,49.803],[20.153,49.805],[20.153,49.798],[20.15,49.794],[20.148,49.788],[20.15,49.785],[20.15,49.776],[20.143,49.774]]]}},{"type":"Feature","properties":{"teryt":"1207082"},"geometry":{"type":"Polygon","coordinates":[[[20.487,49.579],[20.505,49.578],[20.516,49.579],[20.523,49.58],[20.531,49.58],[20.54,49.583],[20.544,49.586],[20.545,49.589],[20.551,49.59],[20.541,49.598],[20.545,49.601],[20.542,49.603],[20.547,49.611],[20.547,49.615],[20.541,49.619],[20.538,49.623],[20.53,49.625],[20.523,49.629],[20.527,49.638],[20.525,49.643],[20.526,49.647],[20.526,49.651],[20.52,49.652],[20.508,49.657],[20.498,49.66],[20.485,49.668],[20.481,49.667],[20.471,49.673],[20.47,49.673],[20.47,49.672],[20.469,49.669],[20.46,49.659],[20.456,49.657],[20.454,49.655],[20.447,49.651],[20.445,49.647],[20.439,49.639],[20.431,49.635],[20.428,49.637],[20.414,49.64],[20.406,49.641],[20.394,49.643],[20.389,49.643],[20.385,49.642],[20.376,49.643],[20.376,49.638],[20.377,49.633],[20.378,49.624],[20.376,49.621],[20.382,49.62],[20.393,49.619],[20.396,49.618],[20.412,49.615],[20.417,49.612],[20.421,49.613],[20.428,49.611],[20.433,49.608],[20.436,49.605],[20.439,49.599],[20.441,49.598],[20.443,49.593],[20.448,49.593],[20.458,49.591],[20.47,49.595],[20.473,49.592],[20.488,49.589],[20.494,49.586],[20.487,49.579]]]}},{"type":"Feature","properties":{"teryt":"1211132"},"geometry":{"type":"Polygon","coordinates":[[[19.765,49.556],[19.771,49.556],[19.788,49.56],[19.8,49.561],[19.802,49.557],[19.807,49.555],[19.811,49.555],[19.814,49.553],[19.827,49.55],[19.828,49.548],[19.835,49.545],[19.837,49.544],[19.843,49.545],[19.845,49.551],[19.845,49.557],[19.85,49.563],[19.849,49.565],[19.856,49.57],[19.856,49.572],[19.867,49.578],[19.871,49.582],[19.875,49.584],[19.872,49.589],[19.871,49.594],[19.865,49.594],[19.865,49.598],[19.863,49.599],[19.853,49.599],[19.852,49.596],[19.842,49.595],[19.833,49.594],[19.825,49.592],[19.82,49.594],[19.814,49.592],[19.809,49.595],[19.799,49.594],[19.793,49.591],[19.786,49.59],[19.776,49.586],[19.769,49.587],[19.767,49.59],[19.767,49.591],[19.762,49.589],[19.755,49.586],[19.754,49.584],[19.763,49.581],[19.76,49.576],[19.755,49.574],[19.752,49.572],[19.753,49.567],[19.751,49.562],[19.753,49.56],[19.757,49.557],[19.765,49.556]]]}},{"type":"Feature","properties":{"teryt":"1217042"},"geometry":{"type":"Polygon","coordinates":[[[19.905,49.28],[19.905,49.282],[19.909,49.286],[19.915,49.286],[19.923,49.286],[19.927,49.289],[19.926,49.291],[19.919,49.295],[19.923,49.303],[19.915,49.304],[19.914,49.307],[19.907,49.308],[19.902,49.312],[19.904,49.315],[19.902,49.323],[19.899,49.327],[19.896,49.326],[19.888,49.327],[19.883,49.329],[19.878,49.336],[19.872,49.338],[19.866,49.338],[19.854,49.344],[19.849,49.349],[19.844,49.354],[19.836,49.352],[19.826,49.352],[19.814,49.35],[19.801,49.349],[19.795,49.348],[19.795,49.345],[19.798,49.341],[19.799,49.334],[19.802,49.33],[19.805,49.323],[19.803,49.319],[19.793,49.303],[19.793,49.299],[19.795,49.296],[19.81,49.295],[19.816,49.287],[19.82,49.284],[19.823,49.277],[19.816,49.275],[19.806,49.275],[19.802,49.271],[19.793,49.268],[19.792,49.263],[19.789,49.262],[19.791,49.255],[19.785,49.247],[19.778,49.245],[19.773,49.239],[19.766,49.235],[19.769,49.231],[19.767,49.223],[19.758,49.216],[19.759,49.212],[19.763,49.208],[19.767,49.206],[19.779,49.205],[19.782,49.2],[19.784,49.199],[19.795,49.198],[19.804,49.205],[19.808,49.206],[19.814,49.203],[19.82,49.2],[19.823,49.201],[19.83,49.202],[19.835,49.197],[19.84,49.196],[19.841,49.194],[19.851,49.196],[19.864,49.197],[19.869,49.196],[19.87,49.199],[19.881,49.204],[19.885,49.205],[19.887,49.208],[19.897,49.212],[19.902,49.213],[19.902,49.217],[19.905,49.22],[19.905,49.225],[19.903,49.23],[19.911,49.232],[19.919,49.236],[19.928,49.235],[19.932,49.237],[19.934,49.242],[19.93,49.247],[19.918,49.25],[19.915,49.254],[19.908,49.256],[19.905,49.258],[19.901,49.264],[19.901,49.274],[19.905,49.277],[19.905,49.278],[19.905,49.28]]]}},{"type":"Feature","properties":{"teryt":"1211062"},"geometry":{"type":"Polygon","coordinates":[[[20.329,49.439],[20.331,49.437],[20.331,49.433],[20.334,49.429],[20.342,49.426],[20.363,49.422],[20.363,49.42],[20.369,49.421],[20.377,49.42],[20.382,49.418],[20.386,49.419],[20.391,49.418],[20.408,49.419],[20.419,49.419],[20.432,49.418],[20.436,49.418],[20.438,49.415],[20.446,49.412],[20.45,49.412],[20.446,49.416],[20.456,49.419],[20.459,49.423],[20.457,49.425],[20.448,49.424],[20.442,49.427],[20.441,49.429],[20.45,49.437],[20.457,49.438],[20.458,49.442],[20.461,49.443],[20.463,49.447],[20.464,49.453],[20.468,49.455],[20.468,49.462],[20.47,49.465],[20.474,49.467],[20.473,49.47],[20.47,49.472],[20.458,49.469],[20.439,49.466],[20.432,49.464],[20.423,49.468],[20.411,49.468],[20.402,49.465],[20.399,49.468],[20.39,49.468],[20.385,49.473],[20.38,49.474],[20.374,49.477],[20.36,49.481],[20.349,49.487],[20.346,49.487],[20.339,49.49],[20.33,49.483],[20.329,49.479],[20.326,49.474],[20.324,49.463],[20.323,49.459],[20.326,49.456],[20.325,49.447],[20.327,49.446],[20.323,49.44],[20.329,49.439]]]}},{"type":"Feature","properties":{"teryt":"1209052"},"geometry":{"type":"Polygon","coordinates":[[[20.176,49.877],[20.174,49.871],[20.17,49.868],[20.166,49.861],[20.16,49.861],[20.147,49.862],[20.149,49.866],[20.145,49.867],[20.138,49.868],[20.131,49.866],[20.123,49.867],[20.12,49.869],[20.107,49.864],[20.104,49.864],[20.098,49.859],[20.094,49.856],[20.095,49.854],[20.101,49.849],[20.101,49.845],[20.105,49.845],[20.106,49.842],[20.106,49.839],[20.098,49.836],[20.097,49.83],[20.094,49.829],[20.098,49.826],[20.102,49.827],[20.107,49.824],[20.111,49.824],[20.115,49.822],[20.12,49.824],[20.122,49.818],[20.125,49.817],[20.134,49.817],[20.14,49.816],[20.146,49.813],[20.153,49.814],[20.152,49.806],[20.153,49.805],[20.156,49.803],[20.165,49.801],[20.172,49.801],[20.175,49.805],[20.176,49.805],[20.177,49.805],[20.181,49.806],[20.19,49.804],[20.196,49.806],[20.199,49.809],[20.207,49.808],[20.207,49.807],[20.214,49.808],[20.211,49.811],[20.21,49.812],[20.211,49.812],[20.211,49.813],[20.214,49.816],[20.222,49.818],[20.221,49.822],[20.227,49.824],[20.234,49.823],[20.243,49.828],[20.244,49.83],[20.244,49.832],[20.247,49.835],[20.245,49.836],[20.247,49.84],[20.245,49.843],[20.24,49.846],[20.24,49.848],[20.236,49.849],[20.237,49.856],[20.233,49.864],[20.222,49.866],[20.219,49.869],[20.207,49.868],[20.202,49.869],[20.199,49.873],[20.194,49.874],[20.197,49.879],[20.183,49.878],[20.176,49.877]]]}},{"type":"Feature","properties":{"teryt":"1210052"},"geometry":{"type":"Polygon","coordinates":[[[20.761,49.607],[20.762,49.601],[20.765,49.599],[20.77,49.592],[20.765,49.593],[20.762,49.592],[20.76,49.591],[20.754,49.592],[20.748,49.591],[20.745,49.591],[20.743,49.588],[20.746,49.583],[20.751,49.579],[20.748,49.577],[20.75,49.574],[20.762,49.569],[20.764,49.567],[20.77,49.563],[20.776,49.562],[20.785,49.562],[20.8,49.557],[20.808,49.557],[20.817,49.555],[20.818,49.551],[20.822,49.548],[20.834,49.549],[20.836,49.548],[20.846,49.548],[20.848,49.549],[20.857,49.549],[20.866,49.546],[20.87,49.546],[20.879,49.549],[20.885,49.548],[20.885,49.542],[20.899,49.54],[20.908,49.539],[20.919,49.543],[20.91,49.553],[20.913,49.556],[20.915,49.562],[20.914,49.57],[20.916,49.574],[20.908,49.577],[20.906,49.579],[20.898,49.582],[20.894,49.583],[20.89,49.586],[20.884,49.586],[20.868,49.593],[20.861,49.594],[20.858,49.599],[20.854,49.601],[20.846,49.596],[20.843,49.595],[20.838,49.601],[20.836,49.607],[20.837,49.609],[20.83,49.612],[20.822,49.613],[20.826,49.62],[20.822,49.623],[20.816,49.62],[20.812,49.622],[20.805,49.615],[20.797,49.617],[20.792,49.619],[20.776,49.617],[20.77,49.613],[20.767,49.612],[20.767,49.609],[20.761,49.607]]]}},{"type":"Feature","properties":{"teryt":"1210102"},"geometry":{"type":"Polygon","coordinates":[[[20.592,49.696],[20.597,49.695],[20.603,49.691],[20.614,49.686],[20.618,49.685],[20.622,49.68],[20.626,49.68],[20.627,49.685],[20.634,49.687],[20.645,49.685],[20.647,49.688],[20.662,49.697],[20.665,49.7],[20.671,49.701],[20.668,49.706],[20.654,49.713],[20.653,49.716],[20.655,49.719],[20.662,49.719],[20.67,49.72],[20.671,49.722],[20.678,49.724],[20.683,49.723],[20.689,49.72],[20.693,49.723],[20.693,49.727],[20.697,49.731],[20.714,49.733],[20.717,49.734],[20.722,49.739],[20.717,49.75],[20.715,49.752],[20.709,49.753],[20.697,49.75],[20.691,49.752],[20.693,49.759],[20.69,49.762],[20.683,49.764],[20.678,49.762],[20.673,49.756],[20.669,49.756],[20.664,49.757],[20.661,49.761],[20.661,49.763],[20.656,49.766],[20.656,49.767],[20.664,49.77],[20.671,49.775],[20.68,49.781],[20.679,49.787],[20.676,49.787],[20.672,49.789],[20.67,49.793],[20.665,49.795],[20.656,49.794],[20.651,49.792],[20.646,49.795],[20.63,49.796],[20.632,49.793],[20.63,49.789],[20.624,49.789],[20.619,49.789],[20.614,49.784],[20.614,49.779],[20.609,49.774],[20.603,49.771],[20.588,49.764],[20.585,49.762],[20.587,49.762],[20.596,49.756],[20.59,49.75],[20.577,49.752],[20.571,49.746],[20.569,49.744],[20.569,49.741],[20.566,49.736],[20.546,49.735],[20.546,49.734],[20.543,49.732],[20.542,49.729],[20.538,49.727],[20.526,49.72],[20.535,49.718],[20.542,49.718],[20.552,49.716],[20.556,49.713],[20.562,49.71],[20.566,49.709],[20.577,49.703],[20.586,49.702],[20.59,49.7],[20.592,49.696]]]}},{"type":"Feature","properties":{"teryt":"1209013"},"geometry":{"type":"Polygon","coordinates":[[[20.098,49.859],[20.104,49.864],[20.107,49.864],[20.12,49.869],[20.123,49.867],[20.131,49.866],[20.138,49.868],[20.145,49.867],[20.149,49.866],[20.147,49.862],[20.16,49.861],[20.166,49.861],[20.17,49.868],[20.174,49.871],[20.176,49.877],[20.174,49.881],[20.175,49.885],[20.185,49.886],[20.181,49.888],[20.178,49.888],[20.171,49.89],[20.168,49.894],[20.162,49.893],[20.156,49.889],[20.144,49.889],[20.133,49.889],[20.13,49.888],[20.122,49.891],[20.12,49.896],[20.113,49.901],[20.113,49.903],[20.117,49.903],[20.115,49.908],[20.119,49.912],[20.117,49.915],[20.112,49.915],[20.11,49.921],[20.103,49.918],[20.091,49.922],[20.091,49.923],[20.09,49.923],[20.085,49.927],[20.077,49.928],[20.075,49.92],[20.07,49.919],[20.068,49.917],[20.062,49.916],[20.057,49.918],[20.044,49.92],[20.04,49.916],[20.031,49.916],[20.031,49.911],[20.035,49.907],[20.042,49.907],[20.042,49.903],[20.046,49.899],[20.042,49.898],[20.04,49.896],[20.033,49.892],[20.035,49.887],[20.038,49.887],[20.043,49.883],[20.042,49.882],[20.03,49.879],[20.026,49.875],[20.02,49.874],[20.016,49.872],[20.022,49.866],[20.031,49.866],[20.032,49.864],[20.037,49.864],[20.041,49.856],[20.04,49.851],[20.042,49.849],[20.037,49.838],[20.039,49.836],[20.041,49.833],[20.045,49.83],[20.054,49.83],[20.06,49.827],[20.064,49.827],[20.066,49.823],[20.071,49.822],[20.076,49.824],[20.094,49.829],[20.097,49.83],[20.098,49.836],[20.106,49.839],[20.106,49.842],[20.105,49.845],[20.101,49.845],[20.101,49.849],[20.095,49.854],[20.094,49.856],[20.098,49.859]]]}},{"type":"Feature","properties":{"teryt":"1202023"},"geometry":{"type":"Polygon","coordinates":[[[20.675,49.963],[20.677,49.965],[20.676,49.969],[20.674,49.97],[20.674,49.976],[20.676,49.978],[20.671,49.981],[20.672,49.985],[20.674,49.988],[20.681,49.99],[20.688,49.995],[20.69,49.998],[20.696,50.002],[20.716,49.997],[20.723,50.004],[20.718,50.004],[20.715,50.008],[20.717,50.011],[20.717,50.017],[20.713,50.021],[20.716,50.023],[20.713,50.025],[20.695,50.013],[20.682,50.01],[20.674,50.007],[20.664,50.011],[20.658,50.011],[20.653,50.015],[20.645,50.018],[20.642,50.022],[20.639,50.024],[20.637,50.028],[20.627,50.036],[20.625,50.04],[20.627,50.041],[20.621,50.043],[20.626,50.047],[20.626,50.048],[20.633,50.05],[20.631,50.054],[20.629,50.052],[20.624,50.052],[20.624,50.047],[20.616,50.043],[20.611,50.045],[20.609,50.047],[20.605,50.048],[20.598,50.044],[20.597,50.041],[20.592,50.034],[20.588,50.027],[20.587,50.02],[20.584,50.019],[20.584,50.013],[20.58,50.012],[20.579,50.007],[20.58,50.003],[20.577,49.999],[20.57,49.997],[20.553,49.994],[20.552,49.988],[20.554,49.983],[20.552,49.974],[20.544,49.974],[20.543,49.968],[20.549,49.967],[20.552,49.964],[20.55,49.957],[20.543,49.957],[20.54,49.955],[20.534,49.954],[20.525,49.946],[20.525,49.942],[20.524,49.94],[20.525,49.935],[20.531,49.935],[20.537,49.931],[20.539,49.928],[20.541,49.924],[20.55,49.921],[20.555,49.914],[20.558,49.917],[20.567,49.916],[20.57,49.916],[20.574,49.919],[20.581,49.919],[20.585,49.924],[20.589,49.923],[20.592,49.927],[20.606,49.93],[20.622,49.929],[20.629,49.926],[20.64,49.926],[20.643,49.93],[20.649,49.932],[20.65,49.933],[20.655,49.935],[20.654,49.941],[20.658,49.942],[20.666,49.95],[20.668,49.95],[20.671,49.955],[20.671,49.96],[20.674,49.963],[20.675,49.963]]]}},{"type":"Feature","properties":{"teryt":"1201022"},"geometry":{"type":"MultiPolygon","coordinates":[[[[20.534,49.954],[20.527,49.958],[20.524,49.957],[20.512,49.96],[20.505,49.962],[20.501,49.963],[20.499,49.964],[20.49,49.964],[20.486,49.967],[20.488,49.977],[20.484,49.98],[20.477,49.98],[20.477,49.982],[20.467,49.981],[20.469,49.977],[20.464,49.976],[20.462,49.974],[20.457,49.972],[20.455,49.969],[20.46,49.969],[20.461,49.965],[20.457,49.964],[20.458,49.96],[20.455,49.955],[20.464,49.953],[20.472,49.952],[20.475,49.951],[20.481,49.953],[20.483,49.948],[20.493,49.944],[20.5,49.943],[20.507,49.94],[20.51,49.938],[20.522,49.938],[20.524,49.94],[20.525,49.942],[20.525,49.946],[20.534,49.954]]],[[[20.381,49.882],[20.388,49.883],[20.393,49.893],[20.4,49.896],[20.404,49.896],[20.42,49.9],[20.423,49.904],[20.418,49.913],[20.417,49.919],[20.419,49.922],[20.416,49.931],[20.412,49.932],[20.41,49.935],[20.413,49.939],[20.411,49.942],[20.401,49.94],[20.398,49.948],[20.4,49.952],[20.397,49.965],[20.395,49.969],[20.39,49.971],[20.388,49.974],[20.386,49.978],[20.388,49.983],[20.392,49.985],[20.401,49.986],[20.405,49.99],[20.41,49.99],[20.413,49.988],[20.425,49.991],[20.427,49.995],[20.429,49.996],[20.44,49.997],[20.447,50.001],[20.446,50.006],[20.451,50.006],[20.455,50.01],[20.459,50.011],[20.465,50.011],[20.466,50.008],[20.473,50.013],[20.482,50.012],[20.478,50.022],[20.482,50.025],[20.488,50.026],[20.491,50.03],[20.495,50.029],[20.503,50.032],[20.502,50.036],[20.509,50.035],[20.508,50.038],[20.517,50.038],[20.523,50.036],[20.525,50.043],[20.533,50.046],[20.526,50.05],[20.521,50.054],[20.521,50.056],[20.517,50.061],[20.516,50.066],[20.512,50.068],[20.518,50.069],[20.517,50.072],[20.52,50.077],[20.528,50.082],[20.527,50.086],[20.527,50.092],[20.529,50.1],[20.508,50.104],[20.505,50.098],[20.498,50.096],[20.496,50.093],[20.497,50.09],[20.492,50.082],[20.493,50.079],[20.497,50.074],[20.496,50.072],[20.486,50.068],[20.48,50.064],[20.479,50.061],[20.481,50.057],[20.48,50.054],[20.475,50.053],[20.472,50.056],[20.465,50.056],[20.464,50.054],[20.467,50.048],[20.466,50.046],[20.459,50.046],[20.456,50.043],[20.452,50.043],[20.448,50.045],[20.446,50.045],[20.441,50.04],[20.439,50.032],[20.435,50.032],[20.44,50.024],[20.435,50.021],[20.428,50.017],[20.429,50.012],[20.426,50.009],[20.42,50.006],[20.417,50.007],[20.404,50.005],[20.405,50.003],[20.393,50.001],[20.389,50.019],[20.388,50.022],[20.366,50.021],[20.335,50.019],[20.321,50.019],[20.324,49.998],[20.335,49.999],[20.335,49.996],[20.343,49.995],[20.341,49.989],[20.349,49.989],[20.345,49.985],[20.337,49.985],[20.333,49.983],[20.331,49.977],[20.319,49.977],[20.313,49.978],[20.308,49.976],[20.308,49.973],[20.312,49.972],[20.316,49.968],[20.315,49.965],[20.307,49.961],[20.311,49.962],[20.313,49.956],[20.31,49.955],[20.31,49.953],[20.315,49.953],[20.315,49.949],[20.307,49.945],[20.306,49.94],[20.309,49.938],[20.308,49.935],[20.311,49.931],[20.307,49.928],[20.301,49.926],[20.301,49.924],[20.306,49.924],[20.307,49.919],[20.311,49.914],[20.315,49.913],[20.32,49.914],[20.328,49.912],[20.333,49.912],[20.334,49.915],[20.34,49.912],[20.343,49.913],[20.351,49.913],[20.354,49.915],[20.364,49.913],[20.363,49.91],[20.359,49.908],[20.36,49.905],[20.357,49.901],[20.362,49.899],[20.366,49.899],[20.372,49.896],[20.378,49.89],[20.374,49.884],[20.378,49.881],[20.381,49.882]]]]}},{"type":"Feature","properties":{"teryt":"1204012"},"geometry":{"type":"Polygon","coordinates":[[[20.925,50.243],[20.923,50.249],[20.912,50.263],[20.907,50.268],[20.91,50.27],[20.914,50.269],[20.918,50.27],[20.918,50.276],[20.918,50.28],[20.919,50.287],[20.923,50.287],[20.926,50.285],[20.931,50.287],[20.932,50.291],[20.931,50.298],[20.916,50.301],[20.903,50.306],[20.897,50.307],[20.893,50.306],[20.888,50.303],[20.882,50.297],[20.876,50.295],[20.869,50.295],[20.86,50.297],[20.855,50.296],[20.85,50.292],[20.85,50.284],[20.848,50.279],[20.843,50.276],[20.836,50.273],[20.83,50.274],[20.828,50.269],[20.835,50.259],[20.844,50.255],[20.847,50.253],[20.845,50.251],[20.836,50.248],[20.84,50.246],[20.845,50.245],[20.848,50.247],[20.861,50.244],[20.881,50.244],[20.891,50.241],[20.895,50.237],[20.91,50.238],[20.925,50.243]]]}},{"type":"Feature","properties":{"teryt":"1217022"},"geometry":{"type":"Polygon","coordinates":[[[19.943,49.359],[19.954,49.358],[19.958,49.357],[19.963,49.36],[19.974,49.363],[19.981,49.356],[19.976,49.353],[19.978,49.347],[19.984,49.347],[19.994,49.346],[20.001,49.345],[20.002,49.348],[20.009,49.347],[20.024,49.343],[20.033,49.339],[20.045,49.339],[20.05,49.335],[20.059,49.338],[20.059,49.341],[20.064,49.344],[20.075,49.342],[20.073,49.348],[20.063,49.346],[20.058,49.35],[20.052,49.351],[20.051,49.355],[20.056,49.361],[20.056,49.367],[20.054,49.37],[20.054,49.373],[20.051,49.378],[20.043,49.381],[20.041,49.386],[20.045,49.387],[20.043,49.397],[20.041,49.398],[20.038,49.396],[20.034,49.396],[20.027,49.4],[20.022,49.398],[20.02,49.395],[20.003,49.396],[19.997,49.395],[20,49.389],[19.994,49.387],[19.994,49.384],[19.987,49.382],[19.987,49.379],[19.982,49.379],[19.971,49.375],[19.966,49.377],[19.956,49.38],[19.942,49.382],[19.943,49.379],[19.941,49.377],[19.944,49.368],[19.942,49.365],[19.943,49.359]]]}},{"type":"Feature","properties":{"teryt":"1210133"},"geometry":{"type":"Polygon","coordinates":[[[20.771,49.482],[20.762,49.48],[20.755,49.481],[20.751,49.485],[20.743,49.488],[20.742,49.49],[20.734,49.49],[20.726,49.494],[20.722,49.488],[20.713,49.485],[20.709,49.479],[20.706,49.472],[20.706,49.47],[20.699,49.467],[20.696,49.471],[20.687,49.475],[20.678,49.468],[20.677,49.466],[20.672,49.466],[20.668,49.462],[20.662,49.464],[20.661,49.467],[20.662,49.475],[20.658,49.48],[20.655,49.475],[20.656,49.473],[20.653,49.47],[20.654,49.463],[20.647,49.462],[20.644,49.451],[20.645,49.448],[20.638,49.445],[20.635,49.442],[20.627,49.441],[20.618,49.439],[20.611,49.439],[20.61,49.435],[20.605,49.434],[20.605,49.429],[20.616,49.422],[20.615,49.418],[20.62,49.418],[20.622,49.416],[20.622,49.413],[20.625,49.411],[20.636,49.409],[20.642,49.404],[20.643,49.401],[20.651,49.401],[20.665,49.404],[20.666,49.406],[20.672,49.41],[20.686,49.416],[20.688,49.418],[20.693,49.42],[20.699,49.421],[20.708,49.419],[20.711,49.42],[20.718,49.418],[20.723,49.42],[20.728,49.415],[20.732,49.415],[20.736,49.417],[20.741,49.416],[20.745,49.414],[20.746,49.411],[20.743,49.408],[20.742,49.404],[20.75,49.402],[20.755,49.402],[20.758,49.4],[20.756,49.397],[20.751,49.396],[20.748,49.392],[20.749,49.389],[20.762,49.383],[20.758,49.376],[20.758,49.375],[20.764,49.371],[20.779,49.375],[20.779,49.379],[20.776,49.386],[20.777,49.388],[20.784,49.391],[20.786,49.395],[20.789,49.396],[20.795,49.396],[20.798,49.402],[20.802,49.404],[20.81,49.402],[20.812,49.406],[20.817,49.407],[20.823,49.407],[20.827,49.406],[20.833,49.409],[20.834,49.414],[20.838,49.417],[20.84,49.426],[20.844,49.428],[20.848,49.432],[20.848,49.435],[20.851,49.439],[20.855,49.443],[20.859,49.441],[20.866,49.441],[20.87,49.443],[20.874,49.441],[20.872,49.45],[20.867,49.454],[20.859,49.456],[20.851,49.456],[20.845,49.458],[20.844,49.46],[20.837,49.465],[20.83,49.468],[20.82,49.469],[20.817,49.471],[20.808,49.473],[20.805,49.474],[20.804,49.479],[20.794,49.485],[20.786,49.482],[20.771,49.482]]]}},{"type":"Feature","properties":{"teryt":"1218093"},"geometry":{"type":"Polygon","coordinates":[[[19.507,49.838],[19.514,49.838],[19.518,49.842],[19.522,49.842],[19.532,49.837],[19.537,49.838],[19.542,49.841],[19.543,49.846],[19.546,49.848],[19.551,49.849],[19.578,49.849],[19.578,49.854],[19.581,49.858],[19.583,49.864],[19.582,49.871],[19.589,49.873],[19.589,49.875],[19.595,49.881],[19.601,49.89],[19.61,49.888],[19.614,49.885],[19.621,49.885],[19.63,49.897],[19.642,49.903],[19.644,49.909],[19.648,49.915],[19.648,49.918],[19.642,49.92],[19.636,49.924],[19.629,49.924],[19.624,49.925],[19.618,49.923],[19.616,49.919],[19.604,49.919],[19.603,49.919],[19.602,49.92],[19.601,49.92],[19.6,49.921],[19.598,49.922],[19.591,49.923],[19.589,49.922],[19.588,49.921],[19.579,49.92],[19.578,49.916],[19.575,49.914],[19.571,49.915],[19.569,49.917],[19.561,49.915],[19.552,49.915],[19.546,49.914],[19.536,49.907],[19.533,49.906],[19.524,49.906],[19.52,49.902],[19.515,49.904],[19.499,49.9],[19.491,49.897],[19.487,49.894],[19.482,49.893],[19.467,49.893],[19.464,49.892],[19.458,49.894],[19.454,49.897],[19.448,49.898],[19.441,49.892],[19.435,49.889],[19.429,49.884],[19.425,49.88],[19.418,49.878],[19.42,49.876],[19.425,49.867],[19.426,49.862],[19.425,49.857],[19.414,49.848],[19.421,49.837],[19.418,49.836],[19.418,49.832],[19.412,49.822],[19.414,49.817],[19.416,49.816],[19.419,49.81],[19.423,49.811],[19.431,49.806],[19.437,49.805],[19.443,49.801],[19.443,49.798],[19.446,49.796],[19.449,49.796],[19.456,49.798],[19.461,49.799],[19.471,49.805],[19.476,49.81],[19.478,49.818],[19.472,49.823],[19.473,49.827],[19.478,49.831],[19.484,49.833],[19.497,49.832],[19.505,49.837],[19.507,49.838]]]}},{"type":"Feature","properties":{"teryt":"1219012"},"geometry":{"type":"Polygon","coordinates":[[[20.168,49.933],[20.178,49.933],[20.178,49.936],[20.184,49.938],[20.19,49.936],[20.193,49.936],[20.193,49.942],[20.195,49.945],[20.195,49.952],[20.198,49.952],[20.196,49.958],[20.196,49.96],[20.2,49.963],[20.195,49.965],[20.195,49.97],[20.193,49.972],[20.194,49.975],[20.185,49.976],[20.175,49.976],[20.177,49.982],[20.174,49.988],[20.164,49.99],[20.163,49.993],[20.156,49.996],[20.155,49.997],[20.15,49.999],[20.149,49.996],[20.143,49.997],[20.132,49.992],[20.128,49.993],[20.117,49.992],[20.11,49.989],[20.107,49.981],[20.098,49.979],[20.095,49.976],[20.091,49.976],[20.09,49.971],[20.093,49.97],[20.093,49.967],[20.095,49.964],[20.1,49.968],[20.1,49.959],[20.101,49.955],[20.104,49.95],[20.114,49.948],[20.121,49.944],[20.123,49.942],[20.127,49.941],[20.133,49.941],[20.134,49.933],[20.133,49.93],[20.135,49.926],[20.137,49.927],[20.142,49.927],[20.15,49.922],[20.162,49.922],[20.166,49.921],[20.168,49.923],[20.166,49.926],[20.162,49.928],[20.163,49.93],[20.168,49.933]]]}},{"type":"Feature","properties":{"teryt":"1211123"},"geometry":{"type":"Polygon","coordinates":[[[20.037,49.568],[20.031,49.572],[20.028,49.573],[20.025,49.578],[20.026,49.581],[20.022,49.584],[20.02,49.589],[20.015,49.591],[20.014,49.598],[20.011,49.603],[20.003,49.607],[19.999,49.613],[20,49.619],[19.998,49.62],[19.998,49.625],[20.005,49.625],[20.006,49.627],[20.004,49.635],[20,49.641],[19.991,49.649],[19.992,49.654],[19.978,49.658],[19.971,49.661],[19.962,49.66],[19.955,49.661],[19.947,49.659],[19.948,49.65],[19.951,49.645],[19.956,49.641],[19.947,49.634],[19.947,49.629],[19.95,49.623],[19.947,49.618],[19.939,49.62],[19.939,49.622],[19.93,49.621],[19.925,49.623],[19.92,49.623],[19.923,49.616],[19.927,49.61],[19.928,49.608],[19.926,49.601],[19.929,49.597],[19.922,49.596],[19.915,49.588],[19.909,49.585],[19.912,49.579],[19.92,49.579],[19.927,49.573],[19.932,49.573],[19.935,49.574],[19.94,49.572],[19.94,49.568],[19.94,49.561],[19.933,49.555],[19.938,49.552],[19.942,49.553],[19.957,49.547],[19.964,49.543],[19.97,49.54],[19.973,49.541],[19.982,49.541],[19.995,49.549],[20.002,49.548],[20.007,49.549],[20.012,49.552],[20.016,49.555],[20.019,49.555],[20.028,49.558],[20.032,49.558],[20.04,49.56],[20.037,49.562],[20.039,49.566],[20.037,49.568]]]}},{"type":"Feature","properties":{"teryt":"1204073"},"geometry":{"type":"Polygon","coordinates":[[[21.146,50.257],[21.152,50.259],[21.151,50.261],[21.156,50.263],[21.159,50.268],[21.176,50.279],[21.183,50.287],[21.184,50.298],[21.189,50.299],[21.194,50.304],[21.202,50.305],[21.214,50.309],[21.223,50.311],[21.219,50.316],[21.217,50.322],[21.22,50.323],[21.215,50.327],[21.213,50.331],[21.219,50.336],[21.218,50.338],[21.219,50.341],[21.215,50.344],[21.208,50.355],[21.194,50.354],[21.188,50.35],[21.187,50.337],[21.183,50.332],[21.177,50.33],[21.171,50.331],[21.167,50.333],[21.166,50.342],[21.157,50.35],[21.149,50.353],[21.145,50.354],[21.132,50.354],[21.122,50.351],[21.119,50.348],[21.116,50.341],[21.113,50.338],[21.104,50.337],[21.092,50.339],[21.083,50.336],[21.08,50.333],[21.075,50.326],[21.07,50.321],[21.062,50.317],[21.056,50.316],[21.048,50.315],[21.037,50.319],[21.03,50.319],[21.026,50.318],[21.014,50.313],[21.008,50.313],[21.011,50.305],[21.005,50.304],[21.001,50.302],[21.002,50.299],[21.009,50.3],[21.01,50.292],[21.015,50.291],[21.017,50.286],[20.992,50.284],[20.996,50.28],[20.997,50.277],[21.002,50.275],[21.013,50.273],[21.02,50.27],[21.023,50.266],[21.026,50.265],[21.026,50.254],[21.029,50.251],[21.024,50.251],[21.013,50.25],[21.011,50.244],[21.007,50.24],[21.011,50.236],[21.019,50.238],[21.023,50.235],[21.035,50.235],[21.036,50.237],[21.035,50.241],[21.046,50.241],[21.052,50.243],[21.055,50.248],[21.063,50.252],[21.073,50.256],[21.076,50.258],[21.079,50.263],[21.088,50.26],[21.094,50.256],[21.104,50.248],[21.11,50.25],[21.126,50.259],[21.134,50.258],[21.139,50.256],[21.146,50.257]]]}},{"type":"Feature","properties":{"teryt":"1205072"},"geometry":{"type":"Polygon","coordinates":[[[21.03,49.735],[21.037,49.733],[21.043,49.734],[21.046,49.736],[21.049,49.734],[21.056,49.734],[21.067,49.728],[21.071,49.727],[21.08,49.722],[21.089,49.716],[21.089,49.71],[21.091,49.71],[21.089,49.706],[21.093,49.702],[21.101,49.701],[21.113,49.701],[21.125,49.695],[21.127,49.695],[21.129,49.701],[21.132,49.706],[21.138,49.71],[21.139,49.713],[21.14,49.717],[21.139,49.722],[21.136,49.727],[21.141,49.734],[21.135,49.737],[21.129,49.742],[21.11,49.756],[21.106,49.759],[21.1,49.76],[21.095,49.763],[21.086,49.757],[21.071,49.752],[21.068,49.748],[21.065,49.748],[21.058,49.751],[21.055,49.755],[21.05,49.757],[21.042,49.763],[21.041,49.77],[21.038,49.77],[21.037,49.768],[21.028,49.763],[21.003,49.761],[21.001,49.759],[21,49.754],[21.004,49.749],[21.006,49.747],[21.009,49.745],[21.019,49.742],[21.026,49.739],[21.03,49.735]]]}},{"type":"Feature","properties":{"teryt":"1206132"},"geometry":{"type":"Polygon","coordinates":[[[19.686,50.262],[19.695,50.26],[19.699,50.258],[19.705,50.258],[19.722,50.246],[19.72,50.243],[19.73,50.239],[19.73,50.237],[19.738,50.234],[19.741,50.237],[19.756,50.242],[19.763,50.237],[19.768,50.242],[19.77,50.245],[19.781,50.24],[19.786,50.236],[19.781,50.235],[19.782,50.231],[19.786,50.231],[19.791,50.229],[19.791,50.225],[19.796,50.226],[19.801,50.222],[19.805,50.223],[19.818,50.22],[19.832,50.217],[19.833,50.221],[19.832,50.223],[19.828,50.225],[19.828,50.227],[19.824,50.228],[19.823,50.232],[19.819,50.234],[19.816,50.238],[19.82,50.243],[19.814,50.249],[19.831,50.245],[19.834,50.247],[19.834,50.258],[19.834,50.264],[19.827,50.267],[19.825,50.271],[19.818,50.273],[19.813,50.278],[19.808,50.272],[19.805,50.272],[19.802,50.269],[19.796,50.271],[19.794,50.274],[19.789,50.273],[19.789,50.27],[19.775,50.271],[19.778,50.276],[19.761,50.281],[19.753,50.285],[19.756,50.289],[19.75,50.292],[19.746,50.289],[19.739,50.291],[19.729,50.293],[19.718,50.292],[19.704,50.3],[19.694,50.298],[19.691,50.295],[19.683,50.297],[19.673,50.297],[19.676,50.292],[19.678,50.288],[19.678,50.283],[19.673,50.277],[19.673,50.269],[19.676,50.265],[19.686,50.262]]]}},{"type":"Feature","properties":{"teryt":"1213043"},"geometry":{"type":"Polygon","coordinates":[[[19.308,49.919],[19.306,49.921],[19.294,49.924],[19.271,49.928],[19.261,49.932],[19.252,49.929],[19.243,49.931],[19.239,49.933],[19.225,49.935],[19.221,49.938],[19.217,49.938],[19.221,49.947],[19.225,49.951],[19.226,49.956],[19.224,49.958],[19.219,49.961],[19.22,49.966],[19.218,49.967],[19.216,49.968],[19.209,49.971],[19.207,49.97],[19.21,49.966],[19.204,49.959],[19.2,49.957],[19.195,49.951],[19.189,49.952],[19.185,49.95],[19.186,49.946],[19.184,49.944],[19.187,49.939],[19.184,49.937],[19.183,49.932],[19.186,49.932],[19.185,49.927],[19.187,49.919],[19.191,49.918],[19.195,49.913],[19.194,49.907],[19.197,49.901],[19.195,49.898],[19.195,49.886],[19.18,49.881],[19.173,49.88],[19.172,49.878],[19.166,49.875],[19.167,49.872],[19.164,49.87],[19.158,49.867],[19.157,49.865],[19.162,49.862],[19.171,49.853],[19.175,49.854],[19.182,49.856],[19.193,49.858],[19.197,49.86],[19.197,49.863],[19.193,49.866],[19.193,49.868],[19.198,49.869],[19.203,49.872],[19.206,49.872],[19.212,49.869],[19.221,49.869],[19.221,49.863],[19.238,49.862],[19.237,49.865],[19.251,49.864],[19.255,49.862],[19.266,49.862],[19.271,49.861],[19.281,49.855],[19.29,49.851],[19.298,49.857],[19.316,49.869],[19.316,49.872],[19.317,49.874],[19.315,49.882],[19.316,49.884],[19.311,49.886],[19.308,49.89],[19.298,49.894],[19.303,49.899],[19.302,49.906],[19.309,49.913],[19.308,49.919]]]}},{"type":"Feature","properties":{"teryt":"1208032"},"geometry":{"type":"Polygon","coordinates":[[[20.002,50.44],[20.01,50.442],[20.013,50.441],[20.023,50.438],[20.021,50.433],[20.028,50.432],[20.035,50.433],[20.052,50.428],[20.055,50.429],[20.06,50.435],[20.068,50.435],[20.076,50.441],[20.08,50.447],[20.072,50.449],[20.067,50.452],[20.071,50.456],[20.076,50.46],[20.079,50.468],[20.081,50.471],[20.091,50.475],[20.098,50.473],[20.086,50.469],[20.095,50.467],[20.104,50.469],[20.106,50.471],[20.102,50.474],[20.106,50.476],[20.111,50.477],[20.114,50.485],[20.104,50.488],[20.094,50.49],[20.087,50.49],[20.097,50.496],[20.096,50.497],[20.084,50.499],[20.085,50.505],[20.078,50.506],[20.076,50.51],[20.054,50.512],[20.05,50.505],[20.043,50.506],[20.039,50.5],[20.028,50.501],[20.031,50.505],[20.027,50.509],[20.018,50.511],[20.008,50.516],[19.988,50.52],[19.977,50.519],[19.971,50.521],[19.972,50.516],[19.965,50.513],[19.958,50.509],[19.954,50.506],[19.95,50.505],[19.952,50.495],[19.956,50.491],[19.964,50.489],[19.968,50.483],[19.968,50.48],[19.97,50.478],[19.971,50.474],[19.961,50.477],[19.954,50.477],[19.94,50.479],[19.933,50.478],[19.928,50.475],[19.919,50.475],[19.909,50.475],[19.909,50.473],[19.901,50.474],[19.896,50.47],[19.896,50.467],[19.892,50.466],[19.894,50.463],[19.898,50.461],[19.903,50.457],[19.9,50.454],[19.905,50.45],[19.907,50.457],[19.911,50.457],[19.915,50.456],[19.927,50.455],[19.936,50.452],[19.942,50.452],[19.95,50.449],[19.956,50.449],[19.967,50.447],[19.969,50.443],[19.992,50.445],[20.002,50.44]]]}},{"type":"Feature","properties":{"teryt":"1212053"},"geometry":{"type":"Polygon","coordinates":[[[19.673,50.297],[19.673,50.304],[19.68,50.315],[19.678,50.332],[19.672,50.331],[19.657,50.337],[19.66,50.341],[19.638,50.346],[19.634,50.346],[19.625,50.343],[19.614,50.338],[19.609,50.331],[19.605,50.323],[19.604,50.316],[19.592,50.32],[19.571,50.317],[19.565,50.318],[19.562,50.317],[19.563,50.314],[19.552,50.314],[19.547,50.311],[19.545,50.31],[19.542,50.302],[19.535,50.298],[19.543,50.293],[19.537,50.291],[19.522,50.292],[19.517,50.29],[19.517,50.287],[19.522,50.286],[19.522,50.275],[19.509,50.272],[19.511,50.241],[19.498,50.241],[19.499,50.225],[19.495,50.227],[19.492,50.227],[19.499,50.224],[19.505,50.222],[19.526,50.221],[19.531,50.222],[19.525,50.217],[19.535,50.21],[19.538,50.211],[19.542,50.21],[19.547,50.211],[19.563,50.211],[19.578,50.208],[19.585,50.206],[19.589,50.2],[19.589,50.198],[19.589,50.194],[19.595,50.19],[19.601,50.189],[19.61,50.192],[19.628,50.193],[19.629,50.192],[19.642,50.198],[19.648,50.2],[19.645,50.203],[19.644,50.209],[19.652,50.214],[19.656,50.215],[19.656,50.219],[19.658,50.225],[19.664,50.233],[19.669,50.231],[19.678,50.241],[19.677,50.243],[19.681,50.248],[19.685,50.255],[19.686,50.262],[19.676,50.265],[19.673,50.269],[19.673,50.277],[19.678,50.283],[19.678,50.288],[19.676,50.292],[19.673,50.297]]]}},{"type":"Feature","properties":{"teryt":"1263011"},"geometry":{"type":"Polygon","coordinates":[[[20.976,49.988],[20.979,49.989],[20.989,49.988],[20.996,49.989],[21.004,49.988],[21.013,49.988],[21.016,49.992],[21.024,49.989],[21.025,49.993],[21.023,49.998],[21.022,50.003],[21.027,50.003],[21.029,50.007],[21.038,50.004],[21.048,50.007],[21.055,50.014],[21.06,50.014],[21.062,50.016],[21.054,50.019],[21.047,50.021],[21.04,50.024],[21.035,50.023],[21.033,50.026],[21.033,50.033],[21.036,50.037],[21.036,50.042],[21.034,50.047],[21.035,50.051],[21.026,50.055],[21.009,50.053],[21.013,50.061],[21.012,50.062],[20.997,50.065],[20.99,50.065],[20.985,50.062],[20.981,50.065],[20.969,50.065],[20.959,50.065],[20.953,50.065],[20.943,50.067],[20.933,50.066],[20.927,50.065],[20.926,50.063],[20.929,50.058],[20.931,50.057],[20.93,50.054],[20.926,50.051],[20.931,50.045],[20.93,50.042],[20.928,50.039],[20.928,50.036],[20.914,50.034],[20.911,50.036],[20.909,50.034],[20.903,50.032],[20.894,50.027],[20.897,50.021],[20.894,50.012],[20.897,50.01],[20.902,50.014],[20.906,50.013],[20.911,50.009],[20.911,50.007],[20.909,50.005],[20.904,50.004],[20.904,50],[20.91,49.999],[20.921,49.998],[20.92,49.994],[20.916,49.993],[20.914,49.988],[20.925,49.986],[20.928,49.987],[20.935,49.986],[20.937,49.99],[20.94,49.992],[20.949,49.991],[20.95,49.988],[20.959,49.986],[20.96,49.99],[20.965,49.989],[20.967,49.986],[20.971,49.988],[20.972,49.988],[20.976,49.988]]]}},{"type":"Feature","properties":{"teryt":"1219053"},"geometry":{"type":"Polygon","coordinates":[[[20.031,49.916],[20.04,49.916],[20.044,49.92],[20.057,49.918],[20.062,49.916],[20.068,49.917],[20.07,49.919],[20.075,49.92],[20.077,49.928],[20.085,49.927],[20.09,49.923],[20.091,49.923],[20.091,49.922],[20.103,49.918],[20.11,49.921],[20.119,49.922],[20.121,49.924],[20.126,49.926],[20.135,49.926],[20.133,49.93],[20.134,49.933],[20.133,49.941],[20.127,49.941],[20.123,49.942],[20.121,49.944],[20.114,49.948],[20.104,49.95],[20.101,49.955],[20.1,49.959],[20.1,49.968],[20.095,49.964],[20.093,49.967],[20.093,49.97],[20.09,49.971],[20.091,49.976],[20.095,49.976],[20.098,49.979],[20.107,49.981],[20.11,49.989],[20.117,49.992],[20.116,49.999],[20.117,50.002],[20.127,50.007],[20.133,50.016],[20.134,50.019],[20.15,50.02],[20.149,50.022],[20.152,50.024],[20.152,50.028],[20.157,50.029],[20.156,50.031],[20.146,50.03],[20.142,50.034],[20.142,50.037],[20.154,50.043],[20.142,50.046],[20.138,50.046],[20.134,50.044],[20.131,50.041],[20.125,50.04],[20.118,50.042],[20.107,50.042],[20.103,50.041],[20.099,50.038],[20.092,50.038],[20.092,50.042],[20.089,50.045],[20.08,50.041],[20.08,50.036],[20.082,50.035],[20.074,50.032],[20.068,50.025],[20.07,50.019],[20.066,50.008],[20.061,50.005],[20.051,50.004],[20.048,50.004],[20.048,49.999],[20.039,50],[20.036,50.001],[20.029,50.001],[20.019,50.004],[20.006,50.003],[20.003,49.999],[20.005,49.997],[20.011,49.995],[20.014,49.993],[20.016,49.989],[20.019,49.986],[20.01,49.98],[20.008,49.975],[20.001,49.976],[19.997,49.974],[19.981,49.973],[19.982,49.98],[19.977,49.981],[19.97,49.98],[19.964,49.978],[19.967,49.974],[19.963,49.972],[19.963,49.969],[19.965,49.965],[19.969,49.96],[19.982,49.96],[19.982,49.949],[19.996,49.949],[20,49.951],[20.004,49.95],[20.007,49.941],[20,49.934],[20.001,49.931],[20.004,49.929],[20.007,49.924],[20.006,49.918],[20.012,49.912],[20.02,49.908],[20.02,49.91],[20.029,49.913],[20.031,49.916]]]}},{"type":"Feature","properties":{"teryt":"1206152"},"geometry":{"type":"Polygon","coordinates":[[[19.816,50.145],[19.82,50.143],[19.828,50.142],[19.823,50.137],[19.823,50.135],[19.828,50.131],[19.836,50.131],[19.833,50.125],[19.835,50.121],[19.835,50.117],[19.833,50.112],[19.834,50.109],[19.836,50.106],[19.844,50.104],[19.852,50.106],[19.864,50.102],[19.862,50.106],[19.867,50.107],[19.875,50.111],[19.879,50.119],[19.884,50.122],[19.891,50.124],[19.889,50.127],[19.89,50.132],[19.894,50.134],[19.892,50.136],[19.898,50.14],[19.892,50.142],[19.89,50.146],[19.892,50.151],[19.887,50.151],[19.88,50.154],[19.877,50.154],[19.875,50.159],[19.87,50.159],[19.861,50.165],[19.86,50.169],[19.857,50.173],[19.852,50.174],[19.848,50.177],[19.844,50.177],[19.838,50.181],[19.841,50.183],[19.839,50.186],[19.835,50.188],[19.828,50.186],[19.819,50.18],[19.815,50.184],[19.812,50.191],[19.819,50.197],[19.817,50.2],[19.795,50.199],[19.791,50.202],[19.787,50.199],[19.789,50.197],[19.779,50.192],[19.774,50.192],[19.767,50.189],[19.767,50.187],[19.753,50.182],[19.744,50.176],[19.741,50.176],[19.728,50.176],[19.725,50.178],[19.722,50.178],[19.725,50.174],[19.73,50.172],[19.737,50.163],[19.737,50.161],[19.746,50.159],[19.753,50.158],[19.764,50.158],[19.765,50.164],[19.765,50.171],[19.771,50.174],[19.778,50.172],[19.784,50.173],[19.799,50.164],[19.804,50.163],[19.806,50.165],[19.811,50.164],[19.817,50.165],[19.821,50.162],[19.828,50.162],[19.83,50.159],[19.823,50.156],[19.818,50.155],[19.813,50.151],[19.816,50.145]]]}},{"type":"Feature","properties":{"teryt":"1207032"},"geometry":{"type":"Polygon","coordinates":[[[20.127,49.744],[20.139,49.738],[20.154,49.731],[20.154,49.728],[20.158,49.723],[20.163,49.716],[20.17,49.714],[20.177,49.715],[20.177,49.708],[20.18,49.701],[20.179,49.691],[20.183,49.683],[20.178,49.676],[20.174,49.671],[20.168,49.668],[20.172,49.665],[20.181,49.665],[20.182,49.661],[20.186,49.656],[20.19,49.654],[20.19,49.647],[20.193,49.643],[20.205,49.639],[20.206,49.631],[20.208,49.629],[20.212,49.629],[20.219,49.631],[20.225,49.629],[20.222,49.626],[20.224,49.624],[20.243,49.62],[20.245,49.622],[20.246,49.628],[20.248,49.632],[20.252,49.633],[20.256,49.631],[20.255,49.626],[20.267,49.628],[20.264,49.63],[20.269,49.632],[20.275,49.63],[20.277,49.633],[20.278,49.638],[20.281,49.639],[20.284,49.641],[20.283,49.646],[20.279,49.651],[20.279,49.655],[20.281,49.66],[20.284,49.663],[20.285,49.672],[20.287,49.677],[20.291,49.682],[20.287,49.688],[20.288,49.693],[20.286,49.699],[20.28,49.705],[20.277,49.71],[20.277,49.714],[20.276,49.718],[20.279,49.725],[20.279,49.728],[20.275,49.729],[20.272,49.728],[20.266,49.73],[20.26,49.733],[20.253,49.734],[20.25,49.737],[20.243,49.74],[20.244,49.743],[20.238,49.75],[20.238,49.753],[20.238,49.755],[20.231,49.757],[20.225,49.754],[20.212,49.758],[20.201,49.758],[20.196,49.761],[20.197,49.763],[20.194,49.768],[20.188,49.77],[20.184,49.769],[20.179,49.769],[20.172,49.765],[20.166,49.765],[20.16,49.767],[20.157,49.763],[20.15,49.76],[20.146,49.76],[20.144,49.764],[20.145,49.772],[20.143,49.774],[20.139,49.77],[20.138,49.765],[20.142,49.759],[20.143,49.753],[20.14,49.749],[20.133,49.745],[20.127,49.744]],[[20.259,49.633],[20.26,49.628],[20.256,49.628],[20.259,49.633]]]}},{"type":"Feature","properties":{"teryt":"1207021"},"geometry":{"type":"Polygon","coordinates":[[[20.077,49.651],[20.074,49.655],[20.078,49.659],[20.081,49.665],[20.092,49.672],[20.097,49.674],[20.104,49.674],[20.113,49.679],[20.116,49.679],[20.127,49.684],[20.131,49.686],[20.121,49.695],[20.118,49.7],[20.108,49.704],[20.101,49.709],[20.099,49.713],[20.086,49.71],[20.081,49.706],[20.076,49.704],[20.071,49.703],[20.063,49.704],[20.054,49.7],[20.045,49.694],[20.043,49.691],[20.044,49.687],[20.042,49.685],[20.033,49.681],[20.035,49.676],[20.03,49.67],[20.028,49.669],[20.028,49.662],[20.033,49.661],[20.036,49.659],[20.046,49.66],[20.056,49.662],[20.058,49.658],[20.054,49.655],[20.058,49.65],[20.064,49.65],[20.068,49.65],[20.077,49.651]]]}},{"type":"Feature","properties":{"teryt":"1207102"},"geometry":{"type":"Polygon","coordinates":[[[20.174,49.559],[20.18,49.565],[20.175,49.571],[20.173,49.57],[20.166,49.577],[20.163,49.583],[20.158,49.585],[20.153,49.591],[20.154,49.592],[20.155,49.598],[20.152,49.604],[20.149,49.612],[20.146,49.616],[20.141,49.617],[20.134,49.621],[20.125,49.623],[20.11,49.633],[20.103,49.633],[20.098,49.638],[20.099,49.644],[20.083,49.651],[20.077,49.651],[20.068,49.65],[20.064,49.65],[20.058,49.65],[20.05,49.649],[20.045,49.644],[20.05,49.639],[20.048,49.636],[20.051,49.629],[20.057,49.626],[20.058,49.624],[20.052,49.616],[20.053,49.613],[20.05,49.611],[20.05,49.602],[20.052,49.601],[20.046,49.595],[20.043,49.588],[20.041,49.587],[20.037,49.58],[20.037,49.568],[20.039,49.566],[20.037,49.562],[20.04,49.56],[20.046,49.559],[20.062,49.559],[20.067,49.56],[20.078,49.559],[20.082,49.556],[20.091,49.555],[20.095,49.553],[20.098,49.55],[20.114,49.545],[20.12,49.545],[20.119,49.549],[20.131,49.55],[20.14,49.553],[20.146,49.558],[20.151,49.56],[20.161,49.562],[20.174,49.559]]]}},{"type":"Feature","properties":{"teryt":"1207122"},"geometry":{"type":"Polygon","coordinates":[[[20.37,49.727],[20.362,49.728],[20.358,49.73],[20.351,49.732],[20.351,49.736],[20.359,49.737],[20.361,49.74],[20.361,49.747],[20.362,49.75],[20.352,49.751],[20.347,49.754],[20.345,49.757],[20.341,49.756],[20.339,49.753],[20.334,49.753],[20.331,49.754],[20.329,49.757],[20.321,49.75],[20.316,49.751],[20.305,49.755],[20.301,49.758],[20.295,49.761],[20.284,49.753],[20.282,49.752],[20.277,49.747],[20.274,49.747],[20.272,49.742],[20.271,49.741],[20.268,49.741],[20.26,49.742],[20.259,49.742],[20.26,49.742],[20.259,49.742],[20.257,49.742],[20.256,49.741],[20.252,49.742],[20.25,49.737],[20.253,49.734],[20.26,49.733],[20.266,49.73],[20.272,49.728],[20.275,49.729],[20.279,49.728],[20.279,49.725],[20.276,49.718],[20.277,49.714],[20.277,49.71],[20.28,49.705],[20.286,49.699],[20.296,49.7],[20.299,49.703],[20.305,49.705],[20.313,49.706],[20.321,49.709],[20.327,49.71],[20.341,49.716],[20.358,49.717],[20.367,49.719],[20.37,49.719],[20.369,49.724],[20.37,49.727]]]}},{"type":"Feature","properties":{"teryt":"1211033"},"geometry":{"type":"Polygon","coordinates":[[[19.795,49.348],[19.801,49.349],[19.814,49.35],[19.826,49.352],[19.836,49.352],[19.844,49.354],[19.849,49.349],[19.854,49.344],[19.866,49.338],[19.872,49.338],[19.878,49.336],[19.883,49.329],[19.888,49.327],[19.896,49.326],[19.899,49.327],[19.9,49.34],[19.905,49.342],[19.917,49.35],[19.922,49.352],[19.942,49.354],[19.943,49.359],[19.942,49.365],[19.944,49.368],[19.941,49.377],[19.943,49.379],[19.942,49.382],[19.939,49.39],[19.933,49.396],[19.933,49.4],[19.928,49.4],[19.929,49.404],[19.922,49.404],[19.92,49.407],[19.923,49.418],[19.931,49.419],[19.932,49.422],[19.936,49.426],[19.952,49.43],[19.954,49.434],[19.939,49.432],[19.931,49.441],[19.93,49.443],[19.928,49.448],[19.927,49.456],[19.924,49.46],[19.908,49.454],[19.897,49.461],[19.886,49.466],[19.88,49.471],[19.883,49.475],[19.886,49.475],[19.893,49.478],[19.902,49.479],[19.907,49.482],[19.915,49.483],[19.917,49.486],[19.919,49.49],[19.916,49.498],[19.913,49.502],[19.909,49.504],[19.909,49.512],[19.913,49.515],[19.91,49.52],[19.906,49.52],[19.899,49.516],[19.892,49.516],[19.885,49.518],[19.883,49.516],[19.877,49.519],[19.874,49.518],[19.868,49.521],[19.86,49.517],[19.851,49.521],[19.843,49.515],[19.837,49.514],[19.83,49.512],[19.826,49.516],[19.831,49.517],[19.829,49.519],[19.824,49.519],[19.815,49.521],[19.807,49.525],[19.813,49.528],[19.809,49.528],[19.8,49.529],[19.792,49.531],[19.786,49.53],[19.778,49.532],[19.764,49.529],[19.757,49.528],[19.762,49.519],[19.762,49.517],[19.757,49.512],[19.758,49.51],[19.753,49.503],[19.754,49.502],[19.754,49.501],[19.755,49.501],[19.754,49.501],[19.755,49.501],[19.756,49.501],[19.758,49.5],[19.751,49.497],[19.745,49.492],[19.744,49.49],[19.743,49.489],[19.741,49.487],[19.739,49.481],[19.741,49.476],[19.747,49.467],[19.746,49.461],[19.753,49.459],[19.764,49.443],[19.771,49.433],[19.779,49.424],[19.776,49.412],[19.791,49.411],[19.789,49.401],[19.791,49.397],[19.791,49.384],[19.793,49.379],[19.802,49.37],[19.804,49.366],[19.801,49.359],[19.803,49.353],[19.799,49.352],[19.795,49.348]]]}},{"type":"Feature","properties":{"teryt":"1205102"},"geometry":{"type":"Polygon","coordinates":[[[21.055,49.421],[21.061,49.422],[21.064,49.421],[21.073,49.425],[21.082,49.425],[21.091,49.428],[21.096,49.43],[21.103,49.427],[21.114,49.424],[21.115,49.428],[21.121,49.435],[21.124,49.437],[21.135,49.433],[21.14,49.431],[21.147,49.429],[21.152,49.427],[21.155,49.424],[21.155,49.421],[21.165,49.418],[21.17,49.413],[21.179,49.409],[21.181,49.404],[21.184,49.403],[21.192,49.401],[21.194,49.403],[21.202,49.405],[21.208,49.403],[21.212,49.408],[21.227,49.417],[21.227,49.421],[21.224,49.423],[21.224,49.427],[21.229,49.429],[21.232,49.433],[21.234,49.438],[21.241,49.434],[21.247,49.439],[21.252,49.442],[21.259,49.447],[21.266,49.447],[21.267,49.457],[21.272,49.46],[21.278,49.461],[21.28,49.459],[21.287,49.457],[21.295,49.453],[21.301,49.451],[21.307,49.448],[21.312,49.449],[21.318,49.449],[21.326,49.45],[21.329,49.45],[21.333,49.451],[21.343,49.451],[21.347,49.449],[21.348,49.457],[21.338,49.463],[21.323,49.47],[21.318,49.471],[21.315,49.481],[21.318,49.489],[21.31,49.494],[21.307,49.499],[21.3,49.499],[21.295,49.504],[21.297,49.508],[21.295,49.511],[21.296,49.518],[21.302,49.523],[21.305,49.523],[21.308,49.527],[21.307,49.531],[21.294,49.533],[21.288,49.536],[21.282,49.536],[21.275,49.539],[21.27,49.536],[21.263,49.539],[21.256,49.539],[21.254,49.541],[21.248,49.544],[21.232,49.546],[21.22,49.554],[21.212,49.556],[21.203,49.558],[21.197,49.561],[21.191,49.566],[21.185,49.566],[21.18,49.568],[21.167,49.571],[21.153,49.576],[21.151,49.579],[21.138,49.579],[21.135,49.577],[21.126,49.578],[21.123,49.573],[21.123,49.569],[21.116,49.566],[21.116,49.558],[21.11,49.554],[21.114,49.549],[21.115,49.544],[21.119,49.541],[21.106,49.534],[21.1,49.527],[21.092,49.531],[21.081,49.536],[21.077,49.536],[21.071,49.539],[21.067,49.543],[21.062,49.547],[21.062,49.549],[21.059,49.551],[21.054,49.554],[21.05,49.559],[21.044,49.558],[21.038,49.559],[21.036,49.561],[21.038,49.565],[21.03,49.567],[21.026,49.561],[21.02,49.558],[21.018,49.552],[21.012,49.548],[21.008,49.542],[21.005,49.54],[20.999,49.533],[20.999,49.53],[21.007,49.526],[21.01,49.518],[21.013,49.515],[21.011,49.512],[21.011,49.507],[21.008,49.506],[21.016,49.499],[21.018,49.496],[21.03,49.495],[21.036,49.49],[21.042,49.482],[21.046,49.481],[21.041,49.479],[21.041,49.474],[21.038,49.471],[21.027,49.464],[21.02,49.46],[21.027,49.452],[21.035,49.447],[21.037,49.444],[21.045,49.438],[21.049,49.434],[21.049,49.43],[21.052,49.429],[21.052,49.426],[21.055,49.421]]]}},{"type":"Feature","properties":{"teryt":"1203013"},"geometry":{"type":"Polygon","coordinates":[[[19.51,50.026],[19.517,50.022],[19.525,50.023],[19.532,50.022],[19.538,50.024],[19.549,50.02],[19.554,50.015],[19.56,50.012],[19.561,50.013],[19.558,50.019],[19.559,50.02],[19.576,50.021],[19.585,50.021],[19.592,50.028],[19.601,50.033],[19.605,50.033],[19.614,50.032],[19.623,50.029],[19.628,50.034],[19.627,50.038],[19.621,50.041],[19.619,50.044],[19.612,50.048],[19.608,50.049],[19.606,50.051],[19.607,50.055],[19.605,50.058],[19.606,50.059],[19.605,50.062],[19.6,50.065],[19.597,50.071],[19.592,50.073],[19.588,50.078],[19.589,50.082],[19.578,50.092],[19.57,50.096],[19.559,50.099],[19.551,50.099],[19.545,50.107],[19.539,50.112],[19.539,50.116],[19.526,50.117],[19.521,50.116],[19.516,50.118],[19.499,50.109],[19.491,50.104],[19.489,50.1],[19.493,50.097],[19.495,50.092],[19.499,50.088],[19.491,50.087],[19.489,50.085],[19.476,50.084],[19.471,50.085],[19.465,50.083],[19.462,50.075],[19.466,50.074],[19.463,50.069],[19.474,50.066],[19.475,50.063],[19.467,50.059],[19.47,50.053],[19.478,50.053],[19.486,50.052],[19.492,50.054],[19.495,50.052],[19.5,50.052],[19.504,50.054],[19.519,50.05],[19.526,50.049],[19.521,50.047],[19.516,50.049],[19.513,50.048],[19.51,50.044],[19.504,50.044],[19.499,50.04],[19.504,50.04],[19.508,50.038],[19.507,50.036],[19.502,50.036],[19.507,50.035],[19.51,50.026]]]}},{"type":"Feature","properties":{"teryt":"1209062"},"geometry":{"type":"Polygon","coordinates":[[[20.031,49.916],[20.029,49.913],[20.02,49.91],[20.02,49.908],[20.012,49.912],[20.006,49.918],[20.007,49.924],[20.004,49.929],[20.001,49.931],[19.99,49.932],[19.98,49.932],[19.976,49.928],[19.967,49.927],[19.963,49.925],[19.959,49.921],[19.954,49.922],[19.944,49.924],[19.939,49.92],[19.939,49.917],[19.933,49.915],[19.933,49.912],[19.934,49.91],[19.934,49.909],[19.93,49.905],[19.93,49.903],[19.938,49.904],[19.945,49.902],[19.949,49.903],[19.95,49.9],[19.951,49.896],[19.948,49.893],[19.957,49.893],[19.965,49.885],[19.97,49.884],[19.986,49.883],[19.989,49.88],[19.994,49.877],[20.002,49.876],[20.007,49.874],[20.009,49.871],[20.016,49.872],[20.02,49.874],[20.026,49.875],[20.03,49.879],[20.042,49.882],[20.043,49.883],[20.038,49.887],[20.035,49.887],[20.033,49.892],[20.04,49.896],[20.042,49.898],[20.046,49.899],[20.042,49.903],[20.042,49.907],[20.035,49.907],[20.031,49.911],[20.031,49.916]]]}},{"type":"Feature","properties":{"teryt":"1202042"},"geometry":{"type":"Polygon","coordinates":[[[20.757,49.942],[20.77,49.942],[20.778,49.946],[20.78,49.948],[20.787,49.95],[20.79,49.956],[20.781,49.958],[20.777,49.959],[20.773,49.961],[20.768,49.961],[20.76,49.963],[20.756,49.964],[20.756,49.974],[20.759,49.975],[20.759,49.977],[20.765,49.982],[20.763,49.988],[20.76,49.989],[20.756,49.995],[20.757,49.999],[20.751,50.002],[20.749,50.002],[20.748,50.006],[20.746,50.007],[20.74,50.004],[20.723,50.004],[20.716,49.997],[20.696,50.002],[20.69,49.998],[20.688,49.995],[20.681,49.99],[20.674,49.988],[20.672,49.985],[20.671,49.981],[20.676,49.978],[20.674,49.976],[20.674,49.97],[20.676,49.969],[20.677,49.965],[20.675,49.963],[20.674,49.963],[20.671,49.96],[20.671,49.955],[20.668,49.95],[20.666,49.95],[20.658,49.942],[20.654,49.941],[20.655,49.935],[20.65,49.933],[20.649,49.932],[20.643,49.93],[20.65,49.93],[20.652,49.926],[20.657,49.918],[20.661,49.916],[20.661,49.911],[20.665,49.907],[20.673,49.903],[20.676,49.901],[20.686,49.898],[20.692,49.898],[20.698,49.898],[20.702,49.895],[20.697,49.892],[20.702,49.888],[20.708,49.891],[20.717,49.886],[20.723,49.881],[20.73,49.882],[20.733,49.885],[20.737,49.887],[20.731,49.894],[20.725,49.895],[20.725,49.899],[20.727,49.902],[20.739,49.903],[20.749,49.899],[20.757,49.899],[20.765,49.898],[20.767,49.901],[20.769,49.904],[20.775,49.904],[20.775,49.908],[20.757,49.914],[20.751,49.918],[20.76,49.921],[20.758,49.925],[20.758,49.926],[20.758,49.927],[20.758,49.929],[20.756,49.933],[20.755,49.934],[20.754,49.936],[20.754,49.937],[20.753,49.937],[20.753,49.94],[20.754,49.94],[20.757,49.942]]]}},{"type":"Feature","properties":{"teryt":"1202072"},"geometry":{"type":"Polygon","coordinates":[[[20.735,50.117],[20.756,50.121],[20.753,50.129],[20.764,50.13],[20.759,50.133],[20.755,50.138],[20.754,50.142],[20.747,50.146],[20.746,50.148],[20.73,50.15],[20.709,50.155],[20.704,50.157],[20.697,50.164],[20.699,50.166],[20.699,50.169],[20.702,50.174],[20.701,50.179],[20.703,50.184],[20.702,50.186],[20.707,50.189],[20.704,50.191],[20.699,50.191],[20.69,50.198],[20.682,50.201],[20.68,50.198],[20.677,50.196],[20.672,50.197],[20.666,50.197],[20.663,50.194],[20.658,50.189],[20.653,50.185],[20.636,50.17],[20.628,50.168],[20.622,50.165],[20.613,50.155],[20.609,50.152],[20.605,50.152],[20.596,50.154],[20.589,50.152],[20.589,50.148],[20.592,50.143],[20.588,50.14],[20.58,50.142],[20.575,50.147],[20.568,50.148],[20.565,50.143],[20.561,50.141],[20.556,50.14],[20.55,50.142],[20.543,50.146],[20.535,50.146],[20.511,50.139],[20.503,50.133],[20.501,50.131],[20.501,50.129],[20.51,50.122],[20.512,50.117],[20.512,50.109],[20.508,50.104],[20.529,50.1],[20.527,50.092],[20.527,50.086],[20.528,50.082],[20.529,50.08],[20.538,50.079],[20.54,50.078],[20.549,50.079],[20.554,50.08],[20.561,50.079],[20.566,50.08],[20.576,50.079],[20.581,50.076],[20.59,50.073],[20.6,50.069],[20.612,50.07],[20.623,50.066],[20.625,50.063],[20.632,50.056],[20.631,50.054],[20.633,50.05],[20.626,50.048],[20.626,50.047],[20.621,50.043],[20.627,50.041],[20.63,50.045],[20.637,50.044],[20.641,50.046],[20.645,50.046],[20.641,50.05],[20.639,50.051],[20.64,50.058],[20.645,50.062],[20.655,50.06],[20.661,50.059],[20.658,50.062],[20.649,50.068],[20.647,50.069],[20.648,50.074],[20.647,50.079],[20.654,50.08],[20.651,50.082],[20.652,50.093],[20.656,50.098],[20.67,50.096],[20.675,50.102],[20.679,50.104],[20.678,50.107],[20.68,50.11],[20.677,50.115],[20.68,50.118],[20.684,50.116],[20.692,50.123],[20.698,50.124],[20.702,50.123],[20.706,50.126],[20.71,50.124],[20.717,50.122],[20.719,50.119],[20.73,50.12],[20.735,50.117]]]}},{"type":"Feature","properties":{"teryt":"1201063"},"geometry":{"type":"Polygon","coordinates":[[[20.555,49.914],[20.55,49.921],[20.541,49.924],[20.539,49.928],[20.537,49.931],[20.531,49.935],[20.525,49.935],[20.524,49.94],[20.522,49.938],[20.51,49.938],[20.507,49.94],[20.5,49.943],[20.493,49.944],[20.483,49.948],[20.481,49.953],[20.475,49.951],[20.472,49.952],[20.469,49.95],[20.471,49.947],[20.466,49.944],[20.461,49.943],[20.458,49.94],[20.45,49.942],[20.441,49.941],[20.434,49.942],[20.429,49.938],[20.423,49.938],[20.422,49.942],[20.418,49.942],[20.413,49.939],[20.41,49.935],[20.412,49.932],[20.416,49.931],[20.419,49.922],[20.417,49.919],[20.418,49.913],[20.423,49.904],[20.42,49.9],[20.404,49.896],[20.4,49.896],[20.393,49.893],[20.388,49.883],[20.381,49.882],[20.384,49.877],[20.387,49.877],[20.389,49.872],[20.395,49.871],[20.402,49.872],[20.412,49.864],[20.413,49.862],[20.412,49.855],[20.413,49.851],[20.42,49.851],[20.427,49.849],[20.434,49.847],[20.44,49.847],[20.451,49.844],[20.454,49.842],[20.462,49.841],[20.465,49.841],[20.477,49.849],[20.475,49.855],[20.468,49.858],[20.47,49.861],[20.467,49.865],[20.472,49.869],[20.469,49.871],[20.468,49.877],[20.469,49.885],[20.483,49.888],[20.498,49.887],[20.496,49.891],[20.497,49.894],[20.505,49.892],[20.511,49.893],[20.517,49.892],[20.522,49.898],[20.528,49.895],[20.526,49.89],[20.534,49.89],[20.544,49.889],[20.553,49.889],[20.557,49.887],[20.559,49.889],[20.564,49.892],[20.566,49.896],[20.567,49.904],[20.569,49.907],[20.567,49.91],[20.567,49.916],[20.558,49.917],[20.555,49.914]]]}},{"type":"Feature","properties":{"teryt":"1201052"},"geometry":{"type":"Polygon","coordinates":[[[20.328,49.851],[20.328,49.852],[20.329,49.852],[20.329,49.853],[20.33,49.853],[20.334,49.858],[20.33,49.861],[20.33,49.865],[20.333,49.866],[20.335,49.87],[20.342,49.87],[20.353,49.872],[20.364,49.869],[20.37,49.871],[20.373,49.878],[20.378,49.881],[20.374,49.884],[20.378,49.89],[20.372,49.896],[20.366,49.899],[20.362,49.899],[20.357,49.901],[20.36,49.905],[20.359,49.908],[20.363,49.91],[20.364,49.913],[20.354,49.915],[20.351,49.913],[20.343,49.913],[20.34,49.912],[20.334,49.915],[20.333,49.912],[20.328,49.912],[20.32,49.914],[20.315,49.913],[20.311,49.914],[20.307,49.919],[20.305,49.913],[20.302,49.914],[20.297,49.909],[20.292,49.908],[20.286,49.904],[20.286,49.903],[20.287,49.894],[20.271,49.892],[20.268,49.888],[20.265,49.887],[20.264,49.884],[20.261,49.883],[20.262,49.875],[20.26,49.871],[20.257,49.87],[20.255,49.867],[20.249,49.864],[20.237,49.866],[20.233,49.864],[20.237,49.856],[20.236,49.849],[20.24,49.848],[20.24,49.846],[20.245,49.843],[20.247,49.84],[20.245,49.836],[20.247,49.835],[20.244,49.832],[20.244,49.83],[20.252,49.829],[20.257,49.83],[20.26,49.829],[20.265,49.825],[20.267,49.821],[20.273,49.818],[20.272,49.813],[20.277,49.811],[20.282,49.808],[20.285,49.808],[20.29,49.806],[20.295,49.806],[20.299,49.808],[20.3,49.811],[20.313,49.814],[20.316,49.817],[20.313,49.821],[20.315,49.823],[20.32,49.821],[20.324,49.819],[20.33,49.819],[20.331,49.827],[20.336,49.826],[20.345,49.829],[20.346,49.835],[20.342,49.837],[20.348,49.841],[20.348,49.843],[20.349,49.844],[20.336,49.848],[20.331,49.849],[20.328,49.851]]]}},{"type":"Feature","properties":{"teryt":"1201072"},"geometry":{"type":"Polygon","coordinates":[[[20.534,49.954],[20.54,49.955],[20.543,49.957],[20.55,49.957],[20.552,49.964],[20.549,49.967],[20.543,49.968],[20.544,49.974],[20.552,49.974],[20.554,49.983],[20.552,49.988],[20.553,49.994],[20.57,49.997],[20.577,49.999],[20.58,50.003],[20.579,50.007],[20.58,50.012],[20.584,50.013],[20.584,50.019],[20.587,50.02],[20.588,50.027],[20.592,50.034],[20.597,50.041],[20.598,50.044],[20.605,50.048],[20.609,50.047],[20.611,50.045],[20.616,50.043],[20.624,50.047],[20.624,50.052],[20.629,50.052],[20.631,50.054],[20.632,50.056],[20.625,50.063],[20.623,50.066],[20.612,50.07],[20.6,50.069],[20.59,50.073],[20.581,50.076],[20.576,50.079],[20.566,50.08],[20.561,50.079],[20.554,50.08],[20.549,50.079],[20.54,50.078],[20.538,50.079],[20.529,50.08],[20.528,50.082],[20.52,50.077],[20.517,50.072],[20.518,50.069],[20.512,50.068],[20.516,50.066],[20.517,50.061],[20.521,50.056],[20.521,50.054],[20.526,50.05],[20.533,50.046],[20.525,50.043],[20.523,50.036],[20.517,50.038],[20.508,50.038],[20.509,50.035],[20.502,50.036],[20.503,50.032],[20.495,50.029],[20.491,50.03],[20.488,50.026],[20.482,50.025],[20.478,50.022],[20.482,50.012],[20.473,50.013],[20.466,50.008],[20.465,50.011],[20.459,50.011],[20.46,50.008],[20.46,50.007],[20.463,50],[20.465,49.984],[20.467,49.981],[20.477,49.982],[20.477,49.98],[20.484,49.98],[20.488,49.977],[20.486,49.967],[20.49,49.964],[20.499,49.964],[20.501,49.963],[20.505,49.962],[20.512,49.96],[20.524,49.957],[20.527,49.958],[20.534,49.954]]]}},{"type":"Feature","properties":{"teryt":"1213072"},"geometry":{"type":"Polygon","coordinates":[[[19.267,49.991],[19.257,49.979],[19.257,49.975],[19.258,49.973],[19.275,49.965],[19.286,49.963],[19.289,49.961],[19.304,49.96],[19.31,49.961],[19.315,49.962],[19.324,49.963],[19.333,49.964],[19.346,49.963],[19.347,49.974],[19.346,49.976],[19.348,49.984],[19.351,49.988],[19.355,49.989],[19.35,49.994],[19.345,49.996],[19.337,50.003],[19.327,50.001],[19.314,50.001],[19.308,50],[19.3,49.999],[19.292,49.998],[19.28,49.993],[19.267,49.991]]]}},{"type":"Feature","properties":{"teryt":"1215063"},"geometry":{"type":"Polygon","coordinates":[[[19.614,49.76],[19.612,49.749],[19.619,49.749],[19.619,49.745],[19.622,49.736],[19.613,49.727],[19.616,49.722],[19.609,49.72],[19.604,49.72],[19.596,49.717],[19.589,49.709],[19.577,49.705],[19.572,49.701],[19.572,49.699],[19.573,49.695],[19.58,49.697],[19.592,49.699],[19.604,49.696],[19.61,49.696],[19.618,49.692],[19.613,49.688],[19.618,49.686],[19.625,49.685],[19.629,49.681],[19.636,49.68],[19.642,49.678],[19.644,49.68],[19.652,49.681],[19.665,49.687],[19.668,49.685],[19.666,49.682],[19.669,49.68],[19.669,49.677],[19.671,49.671],[19.669,49.666],[19.673,49.661],[19.663,49.66],[19.665,49.658],[19.67,49.657],[19.667,49.654],[19.667,49.65],[19.669,49.649],[19.668,49.645],[19.676,49.641],[19.678,49.643],[19.688,49.646],[19.698,49.645],[19.704,49.648],[19.711,49.654],[19.719,49.655],[19.719,49.657],[19.723,49.664],[19.719,49.665],[19.723,49.672],[19.728,49.674],[19.73,49.677],[19.737,49.681],[19.738,49.683],[19.744,49.685],[19.744,49.688],[19.75,49.693],[19.757,49.695],[19.762,49.702],[19.765,49.7],[19.771,49.7],[19.778,49.702],[19.777,49.706],[19.786,49.708],[19.785,49.715],[19.786,49.723],[19.791,49.724],[19.798,49.728],[19.795,49.731],[19.791,49.731],[19.786,49.733],[19.785,49.735],[19.786,49.739],[19.788,49.742],[19.782,49.747],[19.78,49.75],[19.772,49.751],[19.772,49.753],[19.762,49.755],[19.761,49.753],[19.754,49.751],[19.741,49.748],[19.73,49.748],[19.727,49.745],[19.722,49.743],[19.715,49.739],[19.708,49.739],[19.703,49.743],[19.694,49.742],[19.69,49.745],[19.682,49.75],[19.675,49.751],[19.67,49.75],[19.661,49.753],[19.653,49.759],[19.648,49.758],[19.645,49.754],[19.633,49.757],[19.634,49.759],[19.626,49.76],[19.621,49.759],[19.617,49.762],[19.614,49.76]]]}},{"type":"Feature","properties":{"teryt":"1216082"},"geometry":{"type":"Polygon","coordinates":[[[21.077,49.957],[21.08,49.958],[21.084,49.964],[21.09,49.963],[21.097,49.955],[21.098,49.95],[21.103,49.941],[21.1,49.939],[21.099,49.938],[21.093,49.935],[21.093,49.932],[21.107,49.937],[21.117,49.942],[21.128,49.947],[21.143,49.946],[21.154,49.946],[21.163,49.945],[21.166,49.946],[21.166,49.948],[21.161,49.951],[21.162,49.955],[21.161,49.958],[21.161,49.965],[21.158,49.97],[21.154,49.974],[21.151,49.976],[21.151,49.981],[21.15,49.996],[21.153,49.996],[21.154,50.003],[21.162,50.007],[21.179,50.012],[21.181,50.017],[21.189,50.027],[21.193,50.029],[21.174,50.035],[21.173,50.039],[21.159,50.043],[21.152,50.045],[21.15,50.047],[21.147,50.048],[21.143,50.045],[21.134,50.042],[21.133,50.04],[21.115,50.031],[21.11,50.029],[21.11,50.027],[21.098,50.025],[21.096,50.024],[21.089,50.024],[21.089,50.017],[21.074,50.021],[21.071,50.017],[21.062,50.016],[21.06,50.014],[21.055,50.014],[21.048,50.007],[21.038,50.004],[21.029,50.007],[21.027,50.003],[21.022,50.003],[21.023,49.998],[21.025,49.993],[21.024,49.989],[21.029,49.985],[21.034,49.983],[21.028,49.974],[21.027,49.971],[21.017,49.968],[21.017,49.964],[21.021,49.96],[21.024,49.955],[21.026,49.953],[21.034,49.954],[21.041,49.953],[21.044,49.951],[21.053,49.939],[21.056,49.937],[21.06,49.938],[21.059,49.941],[21.062,49.947],[21.069,49.95],[21.068,49.954],[21.073,49.954],[21.077,49.957]]]}},{"type":"Feature","properties":{"teryt":"1216112"},"geometry":{"type":"Polygon","coordinates":[[[20.904,50.004],[20.909,50.005],[20.911,50.007],[20.911,50.009],[20.906,50.013],[20.902,50.014],[20.897,50.01],[20.894,50.012],[20.897,50.021],[20.894,50.027],[20.903,50.032],[20.909,50.034],[20.911,50.036],[20.916,50.041],[20.917,50.046],[20.916,50.05],[20.914,50.054],[20.91,50.055],[20.904,50.057],[20.898,50.062],[20.899,50.074],[20.89,50.073],[20.888,50.069],[20.881,50.069],[20.878,50.068],[20.875,50.065],[20.864,50.064],[20.857,50.062],[20.855,50.057],[20.86,50.053],[20.862,50.049],[20.866,50.046],[20.865,50.043],[20.858,50.042],[20.85,50.044],[20.83,50.053],[20.824,50.055],[20.818,50.058],[20.811,50.06],[20.806,50.062],[20.796,50.066],[20.793,50.069],[20.798,50.074],[20.797,50.078],[20.789,50.074],[20.784,50.071],[20.779,50.069],[20.776,50.067],[20.773,50.061],[20.77,50.058],[20.764,50.056],[20.758,50.053],[20.758,50.046],[20.756,50.042],[20.759,50.038],[20.756,50.036],[20.755,50.033],[20.759,50.03],[20.765,50.031],[20.782,50.029],[20.792,50.028],[20.798,50.026],[20.798,50.023],[20.782,50.018],[20.787,50.017],[20.786,50.007],[20.785,49.998],[20.825,49.997],[20.826,49.986],[20.831,49.985],[20.839,49.986],[20.842,49.985],[20.845,49.98],[20.849,49.978],[20.855,49.979],[20.859,49.981],[20.864,49.981],[20.867,49.978],[20.866,49.976],[20.862,49.974],[20.862,49.972],[20.872,49.969],[20.873,49.975],[20.877,49.975],[20.881,49.975],[20.879,49.979],[20.883,49.983],[20.888,49.986],[20.889,49.99],[20.888,49.995],[20.889,50.002],[20.892,50.003],[20.897,50.001],[20.904,50.004]]]}},{"type":"Feature","properties":{"teryt":"1205011"},"geometry":{"type":"Polygon","coordinates":[[[21.189,49.641],[21.197,49.641],[21.202,49.648],[21.195,49.652],[21.196,49.657],[21.191,49.661],[21.184,49.663],[21.183,49.669],[21.189,49.67],[21.193,49.674],[21.195,49.678],[21.199,49.678],[21.201,49.683],[21.21,49.687],[21.213,49.692],[21.205,49.692],[21.2,49.698],[21.195,49.698],[21.187,49.691],[21.185,49.687],[21.179,49.687],[21.17,49.689],[21.167,49.689],[21.157,49.691],[21.15,49.691],[21.146,49.692],[21.139,49.691],[21.144,49.686],[21.15,49.684],[21.147,49.681],[21.153,49.681],[21.154,49.676],[21.153,49.674],[21.141,49.674],[21.144,49.669],[21.143,49.666],[21.125,49.666],[21.12,49.665],[21.128,49.659],[21.131,49.657],[21.14,49.65],[21.139,49.649],[21.151,49.641],[21.16,49.635],[21.162,49.635],[21.173,49.637],[21.183,49.636],[21.189,49.641]]]}},{"type":"Feature","properties":{"teryt":"1205052"},"geometry":{"type":"Polygon","coordinates":[[[21.253,49.636],[21.264,49.636],[21.269,49.637],[21.27,49.632],[21.273,49.631],[21.288,49.631],[21.3,49.629],[21.312,49.624],[21.316,49.619],[21.323,49.613],[21.323,49.608],[21.324,49.605],[21.331,49.601],[21.341,49.607],[21.345,49.608],[21.344,49.612],[21.351,49.618],[21.355,49.623],[21.356,49.626],[21.363,49.634],[21.357,49.645],[21.356,49.646],[21.358,49.65],[21.343,49.658],[21.342,49.661],[21.343,49.664],[21.342,49.669],[21.344,49.675],[21.347,49.69],[21.349,49.692],[21.343,49.693],[21.341,49.697],[21.335,49.698],[21.333,49.695],[21.32,49.698],[21.323,49.704],[21.328,49.709],[21.328,49.712],[21.316,49.717],[21.313,49.716],[21.3,49.714],[21.295,49.716],[21.285,49.714],[21.275,49.712],[21.271,49.71],[21.269,49.706],[21.271,49.703],[21.27,49.699],[21.272,49.695],[21.277,49.69],[21.282,49.688],[21.284,49.685],[21.283,49.684],[21.278,49.684],[21.272,49.682],[21.27,49.68],[21.265,49.678],[21.267,49.674],[21.256,49.677],[21.252,49.677],[21.244,49.671],[21.241,49.667],[21.237,49.666],[21.235,49.67],[21.237,49.663],[21.233,49.657],[21.231,49.654],[21.232,49.65],[21.237,49.646],[21.238,49.642],[21.243,49.639],[21.253,49.636]]]}},{"type":"Feature","properties":{"teryt":"1205082"},"geometry":{"type":"Polygon","coordinates":[[[21.059,49.551],[21.062,49.549],[21.062,49.547],[21.067,49.543],[21.071,49.539],[21.077,49.536],[21.081,49.536],[21.092,49.531],[21.1,49.527],[21.106,49.534],[21.119,49.541],[21.115,49.544],[21.114,49.549],[21.11,49.554],[21.116,49.558],[21.116,49.566],[21.123,49.569],[21.123,49.573],[21.126,49.578],[21.114,49.58],[21.11,49.583],[21.107,49.588],[21.096,49.592],[21.093,49.595],[21.09,49.596],[21.074,49.596],[21.067,49.602],[21.063,49.608],[21.055,49.613],[21.053,49.616],[21.047,49.62],[21.044,49.621],[21.032,49.619],[21.026,49.616],[21.017,49.615],[21.018,49.611],[21.01,49.611],[21.008,49.61],[21.004,49.607],[21.004,49.603],[21,49.601],[21.001,49.596],[21.007,49.591],[21.007,49.586],[21.011,49.578],[21.014,49.577],[21.016,49.574],[21.024,49.569],[21.03,49.567],[21.038,49.565],[21.036,49.561],[21.038,49.559],[21.044,49.558],[21.05,49.559],[21.054,49.554],[21.059,49.551]]]}},{"type":"Feature","properties":{"teryt":"1206063"},"geometry":{"type":"Polygon","coordinates":[[[19.605,50.062],[19.609,50.064],[19.638,50.065],[19.65,50.065],[19.658,50.066],[19.661,50.065],[19.666,50.066],[19.667,50.074],[19.673,50.075],[19.679,50.08],[19.672,50.088],[19.667,50.087],[19.664,50.089],[19.675,50.093],[19.679,50.093],[19.687,50.09],[19.694,50.095],[19.698,50.096],[19.697,50.098],[19.691,50.1],[19.682,50.1],[19.679,50.098],[19.673,50.098],[19.668,50.102],[19.674,50.104],[19.678,50.112],[19.683,50.112],[19.689,50.116],[19.691,50.123],[19.678,50.128],[19.678,50.134],[19.683,50.133],[19.684,50.137],[19.686,50.138],[19.691,50.138],[19.689,50.143],[19.695,50.146],[19.695,50.151],[19.702,50.155],[19.708,50.156],[19.71,50.159],[19.714,50.158],[19.716,50.162],[19.703,50.168],[19.7,50.177],[19.7,50.183],[19.697,50.185],[19.69,50.185],[19.689,50.184],[19.683,50.184],[19.681,50.183],[19.673,50.184],[19.665,50.189],[19.661,50.193],[19.653,50.195],[19.648,50.2],[19.642,50.198],[19.629,50.192],[19.628,50.193],[19.61,50.192],[19.601,50.189],[19.595,50.19],[19.589,50.194],[19.589,50.198],[19.581,50.2],[19.576,50.199],[19.568,50.201],[19.561,50.2],[19.552,50.2],[19.539,50.202],[19.536,50.201],[19.525,50.201],[19.525,50.199],[19.529,50.197],[19.531,50.194],[19.525,50.193],[19.521,50.189],[19.529,50.189],[19.547,50.184],[19.547,50.183],[19.551,50.178],[19.56,50.172],[19.56,50.169],[19.552,50.168],[19.542,50.17],[19.537,50.163],[19.541,50.16],[19.545,50.142],[19.547,50.14],[19.532,50.141],[19.533,50.134],[19.537,50.13],[19.54,50.124],[19.539,50.121],[19.536,50.118],[19.539,50.116],[19.539,50.112],[19.545,50.107],[19.551,50.099],[19.559,50.099],[19.57,50.096],[19.578,50.092],[19.589,50.082],[19.588,50.078],[19.592,50.073],[19.597,50.071],[19.6,50.065],[19.605,50.062]]]}},{"type":"Feature","properties":{"teryt":"1206103"},"geometry":{"type":"Polygon","coordinates":[[[19.926,50.206],[19.929,50.209],[19.919,50.219],[19.919,50.23],[19.925,50.23],[19.929,50.237],[19.933,50.24],[19.926,50.244],[19.927,50.247],[19.92,50.249],[19.93,50.251],[19.935,50.254],[19.933,50.257],[19.925,50.259],[19.921,50.26],[19.923,50.269],[19.928,50.27],[19.93,50.272],[19.929,50.275],[19.917,50.278],[19.911,50.28],[19.907,50.276],[19.901,50.276],[19.895,50.27],[19.894,50.266],[19.888,50.267],[19.889,50.269],[19.878,50.272],[19.879,50.275],[19.873,50.279],[19.866,50.27],[19.861,50.266],[19.85,50.257],[19.846,50.25],[19.838,50.251],[19.838,50.258],[19.834,50.258],[19.834,50.247],[19.831,50.245],[19.814,50.249],[19.82,50.243],[19.816,50.238],[19.819,50.234],[19.823,50.232],[19.824,50.228],[19.828,50.227],[19.828,50.225],[19.832,50.223],[19.833,50.221],[19.832,50.217],[19.818,50.22],[19.805,50.223],[19.801,50.222],[19.801,50.217],[19.804,50.213],[19.809,50.209],[19.792,50.206],[19.79,50.208],[19.783,50.206],[19.782,50.204],[19.787,50.199],[19.791,50.202],[19.795,50.199],[19.817,50.2],[19.819,50.197],[19.812,50.191],[19.815,50.184],[19.819,50.18],[19.828,50.186],[19.835,50.188],[19.839,50.186],[19.841,50.183],[19.838,50.181],[19.844,50.177],[19.848,50.177],[19.852,50.174],[19.857,50.173],[19.864,50.174],[19.864,50.176],[19.879,50.177],[19.884,50.178],[19.889,50.183],[19.892,50.184],[19.901,50.184],[19.914,50.182],[19.917,50.187],[19.925,50.193],[19.927,50.196],[19.918,50.199],[19.92,50.201],[19.926,50.206]]]}},{"type":"Feature","properties":{"teryt":"1206113"},"geometry":{"type":"Polygon","coordinates":[[[19.839,49.933],[19.84,49.936],[19.836,49.94],[19.83,49.944],[19.829,49.947],[19.831,49.955],[19.835,49.959],[19.839,49.958],[19.841,49.955],[19.842,49.95],[19.849,49.951],[19.854,49.955],[19.854,49.958],[19.857,49.964],[19.864,49.969],[19.862,49.972],[19.869,49.973],[19.868,49.975],[19.863,49.975],[19.863,49.98],[19.865,49.983],[19.857,49.986],[19.849,49.985],[19.848,49.99],[19.85,49.995],[19.838,49.995],[19.819,49.997],[19.812,49.995],[19.81,49.992],[19.804,49.993],[19.801,49.996],[19.792,49.993],[19.788,49.991],[19.785,49.985],[19.781,49.983],[19.775,49.984],[19.767,49.979],[19.761,49.98],[19.759,49.982],[19.754,49.983],[19.751,49.982],[19.746,49.978],[19.744,49.977],[19.735,49.978],[19.726,49.975],[19.721,49.976],[19.717,49.981],[19.715,49.984],[19.708,49.987],[19.705,49.985],[19.7,49.979],[19.695,49.978],[19.691,49.979],[19.688,49.985],[19.685,49.987],[19.679,49.985],[19.681,49.977],[19.675,49.975],[19.669,49.979],[19.66,49.975],[19.652,49.968],[19.659,49.962],[19.659,49.959],[19.658,49.957],[19.657,49.956],[19.662,49.953],[19.668,49.953],[19.676,49.952],[19.676,49.949],[19.685,49.949],[19.696,49.949],[19.699,49.953],[19.698,49.957],[19.708,49.959],[19.713,49.958],[19.719,49.958],[19.718,49.948],[19.721,49.945],[19.722,49.941],[19.724,49.94],[19.725,49.935],[19.727,49.931],[19.733,49.926],[19.729,49.925],[19.732,49.921],[19.732,49.918],[19.735,49.917],[19.741,49.919],[19.742,49.912],[19.746,49.913],[19.748,49.916],[19.757,49.917],[19.759,49.914],[19.758,49.91],[19.762,49.907],[19.765,49.904],[19.766,49.903],[19.768,49.898],[19.773,49.893],[19.78,49.893],[19.801,49.889],[19.804,49.887],[19.81,49.885],[19.813,49.889],[19.818,49.889],[19.824,49.894],[19.823,49.898],[19.826,49.9],[19.833,49.902],[19.835,49.906],[19.838,49.909],[19.844,49.91],[19.852,49.913],[19.855,49.916],[19.851,49.919],[19.848,49.923],[19.85,49.931],[19.839,49.933]]]}},{"type":"Feature","properties":{"teryt":"1210032"},"geometry":{"type":"Polygon","coordinates":[[[20.713,49.807],[20.701,49.805],[20.693,49.807],[20.689,49.802],[20.684,49.8],[20.67,49.8],[20.666,49.806],[20.655,49.803],[20.647,49.799],[20.646,49.795],[20.651,49.792],[20.656,49.794],[20.665,49.795],[20.67,49.793],[20.672,49.789],[20.676,49.787],[20.679,49.787],[20.68,49.781],[20.671,49.775],[20.664,49.77],[20.656,49.767],[20.656,49.766],[20.661,49.763],[20.661,49.761],[20.664,49.757],[20.669,49.756],[20.673,49.756],[20.678,49.762],[20.683,49.764],[20.69,49.762],[20.693,49.759],[20.691,49.752],[20.697,49.75],[20.709,49.753],[20.715,49.752],[20.717,49.75],[20.722,49.739],[20.717,49.734],[20.714,49.733],[20.697,49.731],[20.693,49.727],[20.693,49.723],[20.689,49.72],[20.683,49.723],[20.678,49.724],[20.671,49.722],[20.67,49.72],[20.662,49.719],[20.655,49.719],[20.653,49.716],[20.654,49.713],[20.668,49.706],[20.671,49.701],[20.677,49.701],[20.687,49.704],[20.692,49.704],[20.706,49.705],[20.714,49.704],[20.714,49.699],[20.718,49.699],[20.721,49.696],[20.727,49.694],[20.737,49.697],[20.751,49.695],[20.751,49.704],[20.75,49.709],[20.751,49.715],[20.76,49.718],[20.759,49.721],[20.767,49.72],[20.779,49.721],[20.784,49.719],[20.797,49.722],[20.8,49.729],[20.795,49.731],[20.795,49.735],[20.807,49.736],[20.809,49.739],[20.82,49.738],[20.825,49.744],[20.828,49.745],[20.824,49.749],[20.822,49.75],[20.823,49.758],[20.827,49.76],[20.827,49.763],[20.823,49.764],[20.817,49.768],[20.808,49.77],[20.802,49.775],[20.796,49.774],[20.789,49.778],[20.786,49.781],[20.781,49.782],[20.774,49.786],[20.764,49.787],[20.756,49.789],[20.747,49.787],[20.741,49.787],[20.737,49.788],[20.737,49.791],[20.743,49.794],[20.74,49.797],[20.74,49.8],[20.734,49.801],[20.719,49.806],[20.713,49.807]]]}},{"type":"Feature","properties":{"teryt":"1211023"},"geometry":{"type":"Polygon","coordinates":[[[20.446,49.416],[20.45,49.415],[20.461,49.415],[20.464,49.416],[20.472,49.415],[20.476,49.414],[20.481,49.41],[20.489,49.408],[20.49,49.406],[20.503,49.404],[20.507,49.402],[20.506,49.397],[20.51,49.393],[20.521,49.392],[20.524,49.391],[20.534,49.387],[20.547,49.386],[20.556,49.38],[20.558,49.378],[20.563,49.38],[20.567,49.379],[20.576,49.376],[20.58,49.383],[20.585,49.385],[20.592,49.384],[20.6,49.388],[20.602,49.392],[20.601,49.394],[20.605,49.399],[20.606,49.401],[20.609,49.402],[20.614,49.402],[20.612,49.407],[20.611,49.414],[20.615,49.418],[20.616,49.422],[20.605,49.429],[20.605,49.434],[20.61,49.435],[20.611,49.439],[20.605,49.444],[20.607,49.448],[20.591,49.454],[20.584,49.454],[20.578,49.46],[20.577,49.465],[20.572,49.467],[20.56,49.466],[20.553,49.468],[20.55,49.47],[20.546,49.47],[20.539,49.473],[20.535,49.473],[20.527,49.472],[20.513,49.473],[20.508,49.472],[20.499,49.473],[20.498,49.471],[20.495,49.467],[20.484,49.466],[20.481,49.465],[20.474,49.467],[20.47,49.465],[20.468,49.462],[20.468,49.455],[20.464,49.453],[20.463,49.447],[20.461,49.443],[20.458,49.442],[20.457,49.438],[20.45,49.437],[20.441,49.429],[20.442,49.427],[20.448,49.424],[20.457,49.425],[20.459,49.423],[20.456,49.419],[20.446,49.416]]]}},{"type":"Feature","properties":{"teryt":"1212042"},"geometry":{"type":"Polygon","coordinates":[[[19.637,50.409],[19.634,50.412],[19.629,50.413],[19.625,50.412],[19.616,50.406],[19.612,50.405],[19.606,50.404],[19.599,50.406],[19.595,50.409],[19.587,50.41],[19.586,50.408],[19.579,50.407],[19.571,50.409],[19.569,50.412],[19.554,50.412],[19.546,50.414],[19.545,50.419],[19.536,50.42],[19.518,50.416],[19.52,50.415],[19.511,50.408],[19.505,50.401],[19.5,50.399],[19.496,50.4],[19.488,50.397],[19.489,50.391],[19.488,50.385],[19.491,50.382],[19.492,50.366],[19.46,50.373],[19.457,50.366],[19.459,50.363],[19.477,50.357],[19.482,50.357],[19.488,50.347],[19.481,50.334],[19.484,50.324],[19.488,50.321],[19.491,50.322],[19.504,50.322],[19.516,50.317],[19.527,50.318],[19.547,50.311],[19.552,50.314],[19.563,50.314],[19.562,50.317],[19.565,50.318],[19.571,50.317],[19.592,50.32],[19.604,50.316],[19.605,50.323],[19.609,50.331],[19.614,50.338],[19.625,50.343],[19.634,50.346],[19.638,50.346],[19.66,50.341],[19.654,50.346],[19.654,50.351],[19.665,50.359],[19.668,50.359],[19.667,50.364],[19.672,50.371],[19.682,50.375],[19.685,50.375],[19.683,50.385],[19.664,50.39],[19.664,50.391],[19.654,50.392],[19.65,50.395],[19.646,50.393],[19.645,50.4],[19.635,50.409],[19.637,50.409]]]}},{"type":"Feature","properties":{"teryt":"1215011"},"geometry":{"type":"Polygon","coordinates":[[[19.798,49.67],[19.802,49.663],[19.806,49.661],[19.806,49.659],[19.799,49.657],[19.8,49.656],[19.808,49.656],[19.809,49.651],[19.812,49.648],[19.81,49.645],[19.809,49.644],[19.815,49.641],[19.817,49.639],[19.823,49.637],[19.826,49.635],[19.828,49.622],[19.835,49.625],[19.841,49.626],[19.842,49.631],[19.854,49.63],[19.861,49.63],[19.868,49.632],[19.871,49.632],[19.876,49.637],[19.874,49.642],[19.867,49.65],[19.864,49.657],[19.859,49.661],[19.851,49.666],[19.849,49.67],[19.853,49.673],[19.855,49.676],[19.843,49.675],[19.825,49.676],[19.814,49.678],[19.811,49.677],[19.802,49.678],[19.799,49.676],[19.8,49.673],[19.798,49.67]]]}},{"type":"Feature","properties":{"teryt":"1215032"},"geometry":{"type":"Polygon","coordinates":[[[19.752,49.831],[19.746,49.831],[19.74,49.83],[19.739,49.827],[19.731,49.821],[19.732,49.817],[19.729,49.814],[19.729,49.812],[19.726,49.807],[19.721,49.807],[19.708,49.804],[19.705,49.806],[19.697,49.806],[19.697,49.807],[19.684,49.811],[19.684,49.812],[19.669,49.813],[19.662,49.814],[19.663,49.809],[19.644,49.808],[19.644,49.799],[19.647,49.796],[19.649,49.794],[19.644,49.787],[19.644,49.784],[19.642,49.78],[19.64,49.779],[19.629,49.778],[19.62,49.771],[19.62,49.765],[19.617,49.762],[19.621,49.759],[19.626,49.76],[19.634,49.759],[19.633,49.757],[19.645,49.754],[19.648,49.758],[19.653,49.759],[19.661,49.753],[19.67,49.75],[19.675,49.751],[19.682,49.75],[19.69,49.745],[19.694,49.742],[19.703,49.743],[19.708,49.739],[19.715,49.739],[19.722,49.743],[19.727,49.745],[19.73,49.748],[19.741,49.748],[19.754,49.751],[19.761,49.753],[19.762,49.755],[19.772,49.753],[19.773,49.754],[19.781,49.757],[19.784,49.76],[19.791,49.763],[19.802,49.763],[19.805,49.767],[19.804,49.774],[19.803,49.782],[19.799,49.791],[19.787,49.791],[19.783,49.79],[19.777,49.79],[19.774,49.788],[19.762,49.787],[19.759,49.788],[19.751,49.786],[19.743,49.791],[19.745,49.794],[19.75,49.796],[19.752,49.8],[19.756,49.804],[19.754,49.809],[19.75,49.813],[19.757,49.818],[19.757,49.82],[19.769,49.82],[19.768,49.825],[19.756,49.825],[19.758,49.83],[19.752,49.831]]]}},{"type":"Feature","properties":{"teryt":"1216103"},"geometry":{"type":"Polygon","coordinates":[[[21.077,49.957],[21.073,49.954],[21.068,49.954],[21.069,49.95],[21.062,49.947],[21.059,49.941],[21.06,49.938],[21.056,49.937],[21.049,49.931],[21.042,49.934],[21.033,49.934],[21.024,49.932],[21.021,49.934],[21.016,49.933],[21.006,49.935],[20.997,49.937],[20.989,49.937],[20.984,49.939],[20.983,49.935],[20.979,49.932],[20.972,49.915],[20.976,49.915],[20.976,49.909],[20.974,49.906],[20.97,49.906],[20.964,49.902],[20.964,49.9],[20.968,49.897],[20.975,49.896],[20.974,49.891],[20.981,49.888],[20.982,49.885],[20.973,49.88],[20.97,49.876],[20.975,49.874],[20.975,49.87],[20.978,49.867],[20.99,49.865],[20.996,49.858],[21,49.856],[21.002,49.852],[21.006,49.85],[21.011,49.85],[21.014,49.846],[21.03,49.845],[21.034,49.843],[21.042,49.839],[21.043,49.835],[21.044,49.832],[21.042,49.83],[21.039,49.826],[21.05,49.822],[21.057,49.817],[21.066,49.814],[21.071,49.814],[21.08,49.811],[21.09,49.814],[21.093,49.817],[21.104,49.822],[21.106,49.824],[21.105,49.83],[21.102,49.834],[21.105,49.841],[21.118,49.841],[21.12,49.842],[21.129,49.842],[21.129,49.846],[21.133,49.848],[21.116,49.85],[21.111,49.848],[21.109,49.845],[21.103,49.843],[21.094,49.844],[21.091,49.846],[21.086,49.846],[21.082,49.847],[21.084,49.854],[21.088,49.86],[21.087,49.87],[21.085,49.873],[21.087,49.878],[21.085,49.881],[21.088,49.883],[21.089,49.887],[21.084,49.887],[21.077,49.893],[21.084,49.895],[21.092,49.893],[21.097,49.897],[21.109,49.897],[21.109,49.901],[21.103,49.904],[21.101,49.904],[21.099,49.905],[21.095,49.909],[21.094,49.91],[21.089,49.914],[21.081,49.913],[21.074,49.916],[21.08,49.921],[21.094,49.923],[21.096,49.925],[21.092,49.928],[21.094,49.929],[21.093,49.932],[21.093,49.935],[21.099,49.938],[21.1,49.939],[21.103,49.941],[21.098,49.95],[21.097,49.955],[21.09,49.963],[21.084,49.964],[21.08,49.958],[21.077,49.957]]]}},{"type":"Feature","properties":{"teryt":"1216013"},"geometry":{"type":"Polygon","coordinates":[[[21.038,49.77],[21.045,49.78],[21.044,49.784],[21.034,49.783],[21.025,49.784],[21.019,49.789],[21.018,49.791],[21.014,49.796],[21.017,49.799],[21.01,49.801],[21.002,49.801],[20.998,49.802],[20.995,49.808],[20.987,49.812],[20.983,49.815],[20.978,49.817],[20.97,49.817],[20.959,49.814],[20.953,49.814],[20.947,49.816],[20.946,49.815],[20.939,49.816],[20.931,49.818],[20.926,49.819],[20.918,49.818],[20.915,49.814],[20.909,49.81],[20.904,49.807],[20.896,49.807],[20.892,49.81],[20.888,49.81],[20.879,49.815],[20.878,49.817],[20.872,49.817],[20.867,49.82],[20.861,49.816],[20.858,49.816],[20.854,49.814],[20.845,49.818],[20.842,49.818],[20.839,49.811],[20.834,49.808],[20.833,49.802],[20.828,49.799],[20.833,49.798],[20.829,49.794],[20.828,49.792],[20.832,49.789],[20.833,49.784],[20.839,49.783],[20.851,49.779],[20.86,49.777],[20.86,49.772],[20.857,49.767],[20.855,49.766],[20.849,49.766],[20.846,49.764],[20.847,49.76],[20.851,49.754],[20.854,49.75],[20.861,49.752],[20.866,49.751],[20.866,49.745],[20.873,49.744],[20.876,49.741],[20.873,49.737],[20.868,49.737],[20.873,49.734],[20.883,49.732],[20.895,49.733],[20.898,49.732],[20.904,49.736],[20.909,49.74],[20.912,49.739],[20.919,49.732],[20.922,49.731],[20.927,49.731],[20.933,49.729],[20.94,49.729],[20.944,49.731],[20.94,49.734],[20.946,49.738],[20.946,49.742],[20.954,49.742],[20.96,49.747],[20.963,49.747],[20.969,49.744],[20.979,49.742],[20.992,49.744],[21.001,49.745],[21.006,49.747],[21.004,49.749],[21,49.754],[21.001,49.759],[21.003,49.761],[21.028,49.763],[21.037,49.768],[21.038,49.77]]]}},{"type":"Feature","properties":{"teryt":"1218102"},"geometry":{"type":"Polygon","coordinates":[[[19.452,49.937],[19.446,49.941],[19.431,49.946],[19.421,49.95],[19.419,49.954],[19.422,49.956],[19.421,49.959],[19.415,49.955],[19.412,49.961],[19.412,49.964],[19.4,49.961],[19.391,49.959],[19.381,49.959],[19.369,49.952],[19.365,49.948],[19.354,49.945],[19.357,49.942],[19.358,49.938],[19.356,49.927],[19.357,49.92],[19.347,49.92],[19.346,49.922],[19.331,49.923],[19.325,49.918],[19.319,49.916],[19.314,49.916],[19.312,49.919],[19.308,49.919],[19.309,49.913],[19.302,49.906],[19.303,49.899],[19.298,49.894],[19.308,49.89],[19.311,49.886],[19.316,49.884],[19.315,49.882],[19.317,49.874],[19.316,49.872],[19.326,49.871],[19.338,49.869],[19.345,49.868],[19.351,49.865],[19.36,49.865],[19.36,49.864],[19.371,49.861],[19.374,49.866],[19.376,49.872],[19.381,49.875],[19.384,49.877],[19.391,49.881],[19.397,49.884],[19.407,49.882],[19.413,49.879],[19.418,49.878],[19.425,49.88],[19.429,49.884],[19.435,49.889],[19.441,49.892],[19.448,49.898],[19.452,49.91],[19.451,49.912],[19.446,49.913],[19.447,49.92],[19.445,49.924],[19.448,49.926],[19.452,49.937]]]}},{"type":"Feature","properties":{"teryt":"1206162"},"geometry":{"type":"Polygon","coordinates":[[[19.823,50.156],[19.83,50.159],[19.828,50.162],[19.821,50.162],[19.817,50.165],[19.811,50.164],[19.806,50.165],[19.804,50.163],[19.799,50.164],[19.784,50.173],[19.778,50.172],[19.771,50.174],[19.765,50.171],[19.765,50.164],[19.764,50.158],[19.753,50.158],[19.746,50.159],[19.737,50.161],[19.737,50.163],[19.73,50.172],[19.725,50.174],[19.722,50.178],[19.721,50.175],[19.727,50.166],[19.724,50.161],[19.716,50.162],[19.714,50.158],[19.71,50.159],[19.708,50.156],[19.702,50.155],[19.695,50.151],[19.695,50.146],[19.689,50.143],[19.691,50.138],[19.686,50.138],[19.684,50.137],[19.683,50.133],[19.678,50.134],[19.678,50.128],[19.691,50.123],[19.689,50.116],[19.683,50.112],[19.678,50.112],[19.674,50.104],[19.668,50.102],[19.673,50.098],[19.679,50.098],[19.682,50.1],[19.691,50.1],[19.697,50.098],[19.698,50.096],[19.694,50.095],[19.687,50.09],[19.686,50.087],[19.688,50.082],[19.694,50.082],[19.693,50.078],[19.707,50.075],[19.705,50.079],[19.708,50.082],[19.71,50.087],[19.718,50.088],[19.721,50.086],[19.728,50.088],[19.731,50.083],[19.736,50.083],[19.747,50.086],[19.759,50.081],[19.763,50.079],[19.764,50.074],[19.778,50.069],[19.792,50.066],[19.799,50.063],[19.805,50.062],[19.805,50.065],[19.802,50.069],[19.806,50.072],[19.808,50.078],[19.811,50.08],[19.819,50.081],[19.824,50.083],[19.831,50.089],[19.834,50.088],[19.838,50.091],[19.852,50.094],[19.861,50.093],[19.867,50.099],[19.864,50.102],[19.852,50.106],[19.844,50.104],[19.836,50.106],[19.834,50.109],[19.833,50.112],[19.835,50.117],[19.835,50.121],[19.833,50.125],[19.836,50.131],[19.828,50.131],[19.823,50.135],[19.823,50.137],[19.828,50.142],[19.82,50.143],[19.816,50.145],[19.813,50.151],[19.818,50.155],[19.823,50.156]]]}},{"type":"Feature","properties":{"teryt":"1211042"},"geometry":{"type":"Polygon","coordinates":[[[20.339,49.49],[20.324,49.492],[20.31,49.491],[20.3,49.492],[20.298,49.491],[20.289,49.49],[20.283,49.491],[20.279,49.49],[20.277,49.492],[20.272,49.492],[20.266,49.497],[20.26,49.497],[20.245,49.492],[20.24,49.491],[20.23,49.491],[20.227,49.486],[20.227,49.479],[20.224,49.477],[20.226,49.467],[20.229,49.461],[20.235,49.456],[20.24,49.454],[20.243,49.45],[20.25,49.447],[20.252,49.443],[20.258,49.439],[20.268,49.438],[20.276,49.438],[20.281,49.441],[20.285,49.441],[20.291,49.439],[20.295,49.433],[20.299,49.433],[20.306,49.434],[20.309,49.434],[20.309,49.43],[20.311,49.427],[20.317,49.426],[20.322,49.423],[20.324,49.421],[20.324,49.413],[20.328,49.41],[20.334,49.409],[20.335,49.404],[20.337,49.402],[20.346,49.401],[20.352,49.401],[20.357,49.399],[20.362,49.398],[20.369,49.402],[20.371,49.407],[20.376,49.408],[20.379,49.406],[20.381,49.401],[20.381,49.395],[20.382,49.391],[20.393,49.391],[20.405,49.392],[20.412,49.395],[20.415,49.398],[20.414,49.404],[20.417,49.406],[20.42,49.405],[20.428,49.402],[20.43,49.397],[20.433,49.397],[20.434,49.402],[20.437,49.407],[20.429,49.408],[20.429,49.415],[20.432,49.418],[20.419,49.419],[20.408,49.419],[20.391,49.418],[20.386,49.419],[20.382,49.418],[20.377,49.42],[20.369,49.421],[20.363,49.42],[20.363,49.422],[20.342,49.426],[20.334,49.429],[20.331,49.433],[20.331,49.437],[20.329,49.439],[20.323,49.44],[20.327,49.446],[20.325,49.447],[20.326,49.456],[20.323,49.459],[20.324,49.463],[20.326,49.474],[20.329,49.479],[20.33,49.483],[20.339,49.49]]]}},{"type":"Feature","properties":{"teryt":"1208043"},"geometry":{"type":"Polygon","coordinates":[[[20.267,50.427],[20.264,50.43],[20.261,50.442],[20.264,50.447],[20.271,50.46],[20.273,50.464],[20.273,50.47],[20.264,50.467],[20.254,50.473],[20.248,50.475],[20.25,50.479],[20.243,50.48],[20.239,50.479],[20.226,50.478],[20.223,50.485],[20.218,50.489],[20.214,50.489],[20.207,50.493],[20.205,50.496],[20.2,50.495],[20.194,50.496],[20.186,50.493],[20.172,50.491],[20.167,50.484],[20.147,50.486],[20.131,50.49],[20.126,50.487],[20.114,50.485],[20.111,50.477],[20.106,50.476],[20.102,50.474],[20.106,50.471],[20.104,50.469],[20.095,50.467],[20.086,50.469],[20.098,50.473],[20.091,50.475],[20.081,50.471],[20.079,50.468],[20.076,50.46],[20.071,50.456],[20.067,50.452],[20.072,50.449],[20.08,50.447],[20.076,50.441],[20.068,50.435],[20.06,50.435],[20.055,50.429],[20.052,50.428],[20.035,50.433],[20.028,50.432],[20.021,50.433],[20.023,50.438],[20.013,50.441],[20.01,50.442],[20.002,50.44],[19.995,50.437],[19.99,50.43],[19.991,50.423],[19.996,50.427],[20,50.425],[20.008,50.426],[20.013,50.412],[20.014,50.411],[20.025,50.421],[20.028,50.419],[20.027,50.416],[20.042,50.41],[20.038,50.409],[20.038,50.398],[20.076,50.393],[20.082,50.392],[20.083,50.394],[20.11,50.393],[20.128,50.393],[20.128,50.395],[20.142,50.395],[20.145,50.396],[20.162,50.396],[20.167,50.394],[20.175,50.395],[20.181,50.395],[20.184,50.395],[20.183,50.398],[20.188,50.399],[20.19,50.406],[20.189,50.409],[20.19,50.416],[20.201,50.415],[20.199,50.411],[20.205,50.412],[20.208,50.409],[20.213,50.412],[20.212,50.416],[20.22,50.417],[20.228,50.415],[20.228,50.42],[20.238,50.419],[20.244,50.416],[20.258,50.413],[20.26,50.414],[20.267,50.427]]]}},{"type":"Feature","properties":{"teryt":"1201011"},"geometry":{"type":"Polygon","coordinates":[[[20.472,49.952],[20.464,49.953],[20.455,49.955],[20.458,49.96],[20.457,49.964],[20.461,49.965],[20.46,49.969],[20.455,49.969],[20.457,49.972],[20.462,49.974],[20.464,49.976],[20.469,49.977],[20.467,49.981],[20.465,49.984],[20.463,50],[20.46,50.007],[20.46,50.008],[20.459,50.011],[20.455,50.01],[20.451,50.006],[20.446,50.006],[20.447,50.001],[20.44,49.997],[20.429,49.996],[20.427,49.995],[20.425,49.991],[20.413,49.988],[20.41,49.99],[20.405,49.99],[20.401,49.986],[20.392,49.985],[20.388,49.983],[20.386,49.978],[20.388,49.974],[20.39,49.971],[20.395,49.969],[20.397,49.965],[20.4,49.952],[20.398,49.948],[20.401,49.94],[20.411,49.942],[20.413,49.939],[20.418,49.942],[20.422,49.942],[20.423,49.938],[20.429,49.938],[20.434,49.942],[20.441,49.941],[20.45,49.942],[20.458,49.94],[20.461,49.943],[20.466,49.944],[20.471,49.947],[20.469,49.95],[20.472,49.952]]]}},{"type":"Feature","properties":{"teryt":"1205062"},"geometry":{"type":"Polygon","coordinates":[[[21.127,49.695],[21.125,49.695],[21.113,49.701],[21.101,49.701],[21.093,49.702],[21.089,49.706],[21.091,49.71],[21.089,49.71],[21.089,49.716],[21.08,49.722],[21.071,49.727],[21.067,49.728],[21.056,49.734],[21.049,49.734],[21.046,49.736],[21.043,49.734],[21.037,49.733],[21.03,49.735],[21.026,49.739],[21.019,49.742],[21.009,49.745],[21.008,49.741],[21.005,49.741],[21.001,49.737],[20.991,49.731],[20.992,49.721],[20.995,49.716],[21,49.71],[21.002,49.708],[21.007,49.702],[21.01,49.7],[21.008,49.695],[21.004,49.696],[21.003,49.689],[21.003,49.682],[21.004,49.677],[21.011,49.672],[21.028,49.662],[21.031,49.659],[21.038,49.656],[21.045,49.651],[21.055,49.649],[21.057,49.652],[21.061,49.652],[21.072,49.663],[21.068,49.664],[21.066,49.671],[21.074,49.672],[21.074,49.677],[21.079,49.679],[21.082,49.683],[21.094,49.68],[21.105,49.675],[21.109,49.674],[21.119,49.67],[21.12,49.672],[21.117,49.674],[21.12,49.681],[21.124,49.682],[21.131,49.688],[21.127,49.695]]]}},{"type":"Feature","properties":{"teryt":"1205042"},"geometry":{"type":"Polygon","coordinates":[[[21.235,49.67],[21.23,49.678],[21.229,49.683],[21.223,49.689],[21.222,49.692],[21.222,49.699],[21.217,49.704],[21.22,49.706],[21.225,49.707],[21.214,49.707],[21.208,49.708],[21.204,49.706],[21.195,49.706],[21.192,49.706],[21.185,49.71],[21.182,49.713],[21.183,49.716],[21.179,49.717],[21.172,49.723],[21.169,49.729],[21.161,49.731],[21.154,49.732],[21.144,49.737],[21.141,49.734],[21.136,49.727],[21.139,49.722],[21.14,49.717],[21.139,49.713],[21.138,49.71],[21.132,49.706],[21.129,49.701],[21.127,49.695],[21.131,49.688],[21.124,49.682],[21.12,49.681],[21.117,49.674],[21.12,49.672],[21.119,49.67],[21.109,49.674],[21.105,49.675],[21.094,49.68],[21.082,49.683],[21.079,49.679],[21.074,49.677],[21.074,49.672],[21.066,49.671],[21.068,49.664],[21.072,49.663],[21.061,49.652],[21.057,49.652],[21.055,49.649],[21.059,49.644],[21.049,49.634],[21.05,49.63],[21.047,49.625],[21.047,49.62],[21.053,49.616],[21.055,49.613],[21.063,49.608],[21.067,49.602],[21.074,49.596],[21.09,49.596],[21.093,49.595],[21.096,49.592],[21.107,49.588],[21.11,49.583],[21.114,49.58],[21.126,49.578],[21.135,49.577],[21.138,49.579],[21.151,49.579],[21.152,49.591],[21.143,49.596],[21.139,49.598],[21.136,49.604],[21.143,49.611],[21.15,49.616],[21.155,49.621],[21.156,49.625],[21.162,49.635],[21.16,49.635],[21.151,49.641],[21.139,49.649],[21.14,49.65],[21.131,49.657],[21.128,49.659],[21.12,49.665],[21.125,49.666],[21.143,49.666],[21.144,49.669],[21.141,49.674],[21.153,49.674],[21.154,49.676],[21.153,49.681],[21.147,49.681],[21.15,49.684],[21.144,49.686],[21.139,49.691],[21.146,49.692],[21.15,49.691],[21.157,49.691],[21.167,49.689],[21.17,49.689],[21.179,49.687],[21.185,49.687],[21.187,49.691],[21.195,49.698],[21.2,49.698],[21.205,49.692],[21.213,49.692],[21.21,49.687],[21.201,49.683],[21.199,49.678],[21.195,49.678],[21.193,49.674],[21.189,49.67],[21.183,49.669],[21.184,49.663],[21.191,49.661],[21.196,49.657],[21.195,49.652],[21.202,49.648],[21.197,49.641],[21.189,49.641],[21.195,49.638],[21.201,49.638],[21.207,49.637],[21.21,49.633],[21.216,49.627],[21.22,49.626],[21.226,49.628],[21.236,49.63],[21.24,49.629],[21.246,49.626],[21.249,49.629],[21.253,49.628],[21.256,49.631],[21.253,49.636],[21.243,49.639],[21.238,49.642],[21.237,49.646],[21.232,49.65],[21.231,49.654],[21.233,49.657],[21.237,49.663],[21.235,49.67]]]}},{"type":"Feature","properties":{"teryt":"1216143"},"geometry":{"type":"Polygon","coordinates":[[[20.757,49.899],[20.749,49.899],[20.739,49.903],[20.727,49.902],[20.725,49.899],[20.725,49.895],[20.731,49.894],[20.737,49.887],[20.733,49.885],[20.73,49.882],[20.723,49.881],[20.718,49.876],[20.723,49.875],[20.727,49.868],[20.731,49.868],[20.732,49.864],[20.735,49.864],[20.736,49.861],[20.733,49.856],[20.718,49.853],[20.715,49.851],[20.712,49.838],[20.711,49.836],[20.705,49.834],[20.698,49.837],[20.699,49.832],[20.702,49.83],[20.711,49.828],[20.714,49.818],[20.712,49.811],[20.713,49.807],[20.719,49.806],[20.734,49.801],[20.74,49.8],[20.74,49.797],[20.743,49.794],[20.737,49.791],[20.737,49.788],[20.741,49.787],[20.747,49.787],[20.756,49.789],[20.764,49.787],[20.774,49.786],[20.781,49.782],[20.786,49.781],[20.789,49.778],[20.796,49.774],[20.802,49.775],[20.808,49.77],[20.817,49.768],[20.823,49.764],[20.826,49.766],[20.832,49.763],[20.841,49.765],[20.846,49.764],[20.849,49.766],[20.855,49.766],[20.857,49.767],[20.86,49.772],[20.86,49.777],[20.851,49.779],[20.839,49.783],[20.833,49.784],[20.832,49.789],[20.828,49.792],[20.829,49.794],[20.833,49.798],[20.828,49.799],[20.833,49.802],[20.834,49.808],[20.839,49.811],[20.842,49.818],[20.845,49.818],[20.854,49.814],[20.858,49.816],[20.861,49.816],[20.867,49.82],[20.859,49.824],[20.858,49.831],[20.85,49.831],[20.848,49.832],[20.849,49.838],[20.853,49.84],[20.861,49.841],[20.869,49.841],[20.874,49.843],[20.876,49.85],[20.872,49.853],[20.869,49.857],[20.865,49.859],[20.876,49.866],[20.879,49.872],[20.879,49.875],[20.883,49.878],[20.879,49.88],[20.875,49.879],[20.869,49.88],[20.867,49.882],[20.852,49.886],[20.846,49.884],[20.841,49.881],[20.84,49.878],[20.83,49.876],[20.831,49.88],[20.825,49.88],[20.821,49.878],[20.818,49.881],[20.813,49.881],[20.81,49.884],[20.802,49.884],[20.798,49.887],[20.792,49.888],[20.789,49.892],[20.79,49.894],[20.787,49.897],[20.781,49.901],[20.775,49.904],[20.769,49.904],[20.767,49.901],[20.765,49.898],[20.757,49.899]]]}},{"type":"Feature","properties":{"teryt":"1217011"},"geometry":{"type":"Polygon","coordinates":[[[20.033,49.227],[20.029,49.232],[20.029,49.235],[20.025,49.238],[20.022,49.241],[20.022,49.245],[20.02,49.249],[20.023,49.255],[20.026,49.259],[20.025,49.262],[20.035,49.268],[20.036,49.273],[20.033,49.278],[20.034,49.283],[20.042,49.285],[20.039,49.288],[20.03,49.287],[20.037,49.294],[20.038,49.297],[20.029,49.298],[20.03,49.302],[20.03,49.311],[20.024,49.311],[20.023,49.314],[20.017,49.319],[20.013,49.315],[20.005,49.317],[19.994,49.319],[19.991,49.319],[19.989,49.323],[19.995,49.326],[19.992,49.329],[19.993,49.332],[19.984,49.33],[19.976,49.325],[19.962,49.322],[19.957,49.321],[19.953,49.323],[19.939,49.318],[19.938,49.316],[19.934,49.316],[19.932,49.314],[19.923,49.311],[19.916,49.31],[19.914,49.307],[19.915,49.304],[19.923,49.303],[19.919,49.295],[19.926,49.291],[19.927,49.289],[19.923,49.286],[19.915,49.286],[19.909,49.286],[19.905,49.282],[19.905,49.28],[19.905,49.278],[19.905,49.277],[19.901,49.274],[19.901,49.264],[19.905,49.258],[19.908,49.256],[19.915,49.254],[19.918,49.25],[19.93,49.247],[19.934,49.242],[19.932,49.237],[19.94,49.234],[19.944,49.234],[19.949,49.233],[19.958,49.232],[19.971,49.23],[19.982,49.232],[19.987,49.229],[19.99,49.226],[20.009,49.219],[20.016,49.22],[20.02,49.219],[20.024,49.22],[20.029,49.218],[20.034,49.22],[20.033,49.225],[20.033,49.227]]]}},{"type":"Feature","properties":{"teryt":"1210152"},"geometry":{"type":"Polygon","coordinates":[[[20.611,49.439],[20.618,49.439],[20.627,49.441],[20.635,49.442],[20.638,49.445],[20.645,49.448],[20.644,49.451],[20.647,49.462],[20.654,49.463],[20.653,49.47],[20.656,49.473],[20.655,49.475],[20.658,49.48],[20.662,49.475],[20.661,49.467],[20.662,49.464],[20.668,49.462],[20.672,49.466],[20.677,49.466],[20.678,49.468],[20.687,49.475],[20.696,49.471],[20.699,49.467],[20.706,49.47],[20.706,49.472],[20.709,49.479],[20.713,49.485],[20.722,49.488],[20.726,49.494],[20.728,49.498],[20.732,49.501],[20.727,49.503],[20.721,49.502],[20.721,49.507],[20.719,49.512],[20.705,49.512],[20.701,49.513],[20.697,49.51],[20.684,49.507],[20.682,49.508],[20.675,49.503],[20.67,49.501],[20.663,49.501],[20.658,49.499],[20.654,49.501],[20.65,49.495],[20.645,49.493],[20.641,49.489],[20.632,49.487],[20.628,49.488],[20.623,49.487],[20.618,49.487],[20.616,49.485],[20.604,49.481],[20.593,49.481],[20.588,49.48],[20.585,49.476],[20.581,49.476],[20.574,49.471],[20.572,49.467],[20.577,49.465],[20.578,49.46],[20.584,49.454],[20.591,49.454],[20.607,49.448],[20.605,49.444],[20.611,49.439]]]}},{"type":"Feature","properties":{"teryt":"1211142"},"geometry":{"type":"Polygon","coordinates":[[[20.056,49.425],[20.06,49.429],[20.063,49.43],[20.066,49.437],[20.063,49.442],[20.065,49.444],[20.06,49.445],[20.045,49.444],[20.042,49.446],[20.03,49.447],[20.015,49.446],[20.008,49.454],[20.004,49.455],[19.992,49.461],[19.99,49.46],[19.991,49.457],[19.99,49.453],[19.993,49.449],[19.989,49.448],[19.983,49.448],[19.98,49.445],[19.978,49.441],[19.972,49.44],[19.967,49.438],[19.958,49.435],[19.954,49.434],[19.952,49.43],[19.936,49.426],[19.932,49.422],[19.931,49.419],[19.923,49.418],[19.92,49.407],[19.922,49.404],[19.929,49.404],[19.928,49.4],[19.933,49.4],[19.933,49.396],[19.939,49.39],[19.942,49.382],[19.956,49.38],[19.966,49.377],[19.971,49.375],[19.982,49.379],[19.987,49.379],[19.987,49.382],[19.994,49.384],[19.994,49.387],[20,49.389],[19.997,49.395],[20.003,49.396],[20.02,49.395],[20.022,49.398],[20.027,49.4],[20.034,49.396],[20.038,49.396],[20.041,49.398],[20.036,49.402],[20.036,49.403],[20.044,49.405],[20.045,49.411],[20.05,49.411],[20.05,49.416],[20.053,49.42],[20.051,49.421],[20.05,49.425],[20.056,49.425]]]}},{"type":"Feature","properties":{"teryt":"1212062"},"geometry":{"type":"Polygon","coordinates":[[[19.901,50.276],[19.901,50.285],[19.912,50.292],[19.914,50.292],[19.921,50.299],[19.91,50.304],[19.907,50.306],[19.892,50.31],[19.883,50.309],[19.867,50.315],[19.861,50.316],[19.855,50.315],[19.85,50.316],[19.841,50.321],[19.841,50.323],[19.825,50.328],[19.829,50.34],[19.818,50.342],[19.808,50.341],[19.799,50.343],[19.79,50.344],[19.786,50.342],[19.778,50.341],[19.762,50.345],[19.756,50.346],[19.755,50.343],[19.752,50.343],[19.746,50.341],[19.742,50.34],[19.741,50.337],[19.743,50.33],[19.722,50.338],[19.716,50.332],[19.713,50.335],[19.705,50.335],[19.701,50.331],[19.688,50.336],[19.681,50.331],[19.678,50.332],[19.68,50.315],[19.673,50.304],[19.673,50.297],[19.683,50.297],[19.691,50.295],[19.694,50.298],[19.704,50.3],[19.718,50.292],[19.729,50.293],[19.739,50.291],[19.746,50.289],[19.75,50.292],[19.756,50.289],[19.753,50.285],[19.761,50.281],[19.778,50.276],[19.775,50.271],[19.789,50.27],[19.789,50.273],[19.794,50.274],[19.796,50.271],[19.802,50.269],[19.805,50.272],[19.808,50.272],[19.813,50.278],[19.818,50.273],[19.825,50.271],[19.827,50.267],[19.834,50.264],[19.834,50.258],[19.838,50.258],[19.838,50.251],[19.846,50.25],[19.85,50.257],[19.861,50.266],[19.866,50.27],[19.873,50.279],[19.879,50.275],[19.878,50.272],[19.889,50.269],[19.888,50.267],[19.894,50.266],[19.895,50.27],[19.901,50.276]]]}},{"type":"Feature","properties":{"teryt":"1213011"},"geometry":{"type":"Polygon","coordinates":[[[19.213,50.05],[19.206,50.046],[19.198,50.044],[19.194,50.039],[19.185,50.023],[19.178,50.022],[19.18,50.018],[19.188,50.018],[19.189,50.021],[19.195,50.019],[19.204,50.016],[19.204,50.011],[19.209,50.012],[19.213,50.017],[19.218,50.018],[19.223,50.018],[19.232,50.014],[19.24,50.027],[19.256,50.026],[19.258,50.026],[19.265,50.024],[19.278,50.026],[19.285,50.027],[19.285,50.023],[19.291,50.022],[19.296,50.024],[19.295,50.02],[19.301,50.019],[19.301,50.022],[19.308,50.022],[19.308,50.027],[19.312,50.029],[19.324,50.024],[19.331,50.037],[19.334,50.041],[19.319,50.043],[19.309,50.045],[19.31,50.047],[19.302,50.051],[19.3,50.056],[19.296,50.057],[19.293,50.056],[19.288,50.051],[19.276,50.048],[19.268,50.046],[19.259,50.052],[19.249,50.051],[19.245,50.055],[19.24,50.055],[19.235,50.046],[19.231,50.049],[19.231,50.053],[19.226,50.055],[19.224,50.05],[19.22,50.049],[19.217,50.051],[19.213,50.05]]]}},{"type":"Feature","properties":{"teryt":"1204023"},"geometry":{"type":"Polygon","coordinates":[[[20.957,50.112],[20.962,50.112],[20.969,50.114],[20.973,50.111],[20.978,50.11],[20.981,50.112],[20.983,50.116],[20.991,50.117],[20.994,50.115],[21,50.117],[21,50.123],[21.01,50.126],[21.015,50.124],[21.013,50.12],[21.02,50.115],[21.03,50.115],[21.028,50.111],[21.034,50.112],[21.053,50.108],[21.06,50.107],[21.074,50.112],[21.08,50.115],[21.087,50.115],[21.096,50.113],[21.1,50.114],[21.107,50.113],[21.108,50.117],[21.111,50.119],[21.093,50.126],[21.074,50.131],[21.075,50.135],[21.075,50.146],[21.072,50.151],[21.069,50.152],[21.068,50.156],[21.071,50.157],[21.076,50.16],[21.078,50.164],[21.089,50.167],[21.091,50.169],[21.09,50.174],[21.091,50.177],[21.095,50.177],[21.09,50.186],[21.086,50.186],[21.084,50.189],[21.074,50.189],[21.072,50.193],[21.078,50.195],[21.081,50.198],[21.086,50.199],[21.088,50.207],[21.078,50.209],[21.076,50.211],[21.075,50.218],[21.072,50.22],[21.071,50.227],[21.069,50.234],[21.066,50.236],[21.06,50.24],[21.053,50.242],[21.052,50.243],[21.046,50.241],[21.035,50.241],[21.036,50.237],[21.035,50.235],[21.023,50.235],[21.019,50.238],[21.011,50.236],[21.007,50.24],[21.011,50.244],[21.013,50.25],[21.001,50.251],[20.995,50.247],[20.993,50.244],[20.987,50.24],[20.984,50.236],[20.987,50.232],[20.986,50.228],[20.991,50.224],[20.991,50.216],[20.99,50.213],[20.991,50.208],[20.989,50.203],[20.984,50.203],[20.985,50.201],[20.983,50.194],[20.971,50.194],[20.962,50.193],[20.958,50.188],[20.949,50.186],[20.953,50.182],[20.956,50.183],[20.96,50.18],[20.959,50.176],[20.963,50.174],[20.961,50.172],[20.956,50.17],[20.942,50.168],[20.943,50.166],[20.934,50.165],[20.936,50.161],[20.932,50.158],[20.939,50.154],[20.949,50.148],[20.964,50.146],[20.96,50.139],[20.955,50.138],[20.955,50.131],[20.962,50.127],[20.956,50.121],[20.957,50.119],[20.957,50.112]]]}},{"type":"Feature","properties":{"teryt":"1215042"},"geometry":{"type":"Polygon","coordinates":[[[19.767,49.591],[19.773,49.593],[19.775,49.596],[19.774,49.603],[19.771,49.604],[19.767,49.609],[19.764,49.609],[19.758,49.616],[19.751,49.617],[19.751,49.619],[19.768,49.623],[19.784,49.631],[19.795,49.633],[19.801,49.637],[19.801,49.639],[19.81,49.645],[19.812,49.648],[19.809,49.651],[19.808,49.656],[19.8,49.656],[19.799,49.657],[19.806,49.659],[19.806,49.661],[19.802,49.663],[19.798,49.67],[19.794,49.669],[19.793,49.667],[19.782,49.669],[19.778,49.668],[19.774,49.666],[19.772,49.662],[19.764,49.662],[19.753,49.657],[19.748,49.656],[19.74,49.658],[19.733,49.655],[19.722,49.656],[19.719,49.655],[19.711,49.654],[19.704,49.648],[19.698,49.645],[19.688,49.646],[19.678,49.643],[19.676,49.641],[19.672,49.637],[19.665,49.633],[19.662,49.632],[19.656,49.627],[19.644,49.628],[19.637,49.626],[19.628,49.626],[19.619,49.624],[19.622,49.62],[19.625,49.618],[19.627,49.613],[19.64,49.604],[19.657,49.595],[19.658,49.59],[19.665,49.585],[19.671,49.583],[19.677,49.576],[19.681,49.574],[19.685,49.575],[19.695,49.579],[19.699,49.579],[19.703,49.576],[19.708,49.576],[19.712,49.577],[19.721,49.577],[19.73,49.576],[19.735,49.572],[19.747,49.572],[19.752,49.572],[19.755,49.574],[19.76,49.576],[19.763,49.581],[19.754,49.584],[19.755,49.586],[19.762,49.589],[19.767,49.591]]]}},{"type":"Feature","properties":{"teryt":"1205023"},"geometry":{"type":"Polygon","coordinates":[[[21.225,49.707],[21.22,49.706],[21.217,49.704],[21.222,49.699],[21.222,49.692],[21.223,49.689],[21.229,49.683],[21.23,49.678],[21.235,49.67],[21.237,49.666],[21.241,49.667],[21.244,49.671],[21.252,49.677],[21.256,49.677],[21.267,49.674],[21.265,49.678],[21.27,49.68],[21.272,49.682],[21.278,49.684],[21.283,49.684],[21.284,49.685],[21.282,49.688],[21.277,49.69],[21.272,49.695],[21.27,49.699],[21.271,49.703],[21.269,49.706],[21.271,49.71],[21.275,49.712],[21.285,49.714],[21.295,49.716],[21.3,49.714],[21.313,49.716],[21.316,49.717],[21.328,49.712],[21.33,49.715],[21.331,49.72],[21.324,49.722],[21.321,49.724],[21.322,49.727],[21.316,49.728],[21.316,49.732],[21.319,49.736],[21.319,49.739],[21.31,49.749],[21.301,49.75],[21.297,49.748],[21.292,49.749],[21.281,49.755],[21.273,49.753],[21.264,49.753],[21.258,49.752],[21.254,49.759],[21.254,49.763],[21.245,49.772],[21.242,49.776],[21.219,49.78],[21.214,49.779],[21.205,49.781],[21.196,49.779],[21.183,49.779],[21.166,49.782],[21.158,49.782],[21.157,49.78],[21.151,49.776],[21.136,49.77],[21.128,49.773],[21.121,49.774],[21.118,49.77],[21.114,49.768],[21.112,49.772],[21.107,49.771],[21.102,49.771],[21.101,49.769],[21.095,49.763],[21.1,49.76],[21.106,49.759],[21.11,49.756],[21.129,49.742],[21.135,49.737],[21.141,49.734],[21.144,49.737],[21.154,49.732],[21.161,49.731],[21.169,49.729],[21.172,49.723],[21.179,49.717],[21.183,49.716],[21.182,49.713],[21.185,49.71],[21.192,49.706],[21.195,49.706],[21.204,49.706],[21.208,49.708],[21.214,49.707],[21.225,49.707]]]}},{"type":"Feature","properties":{"teryt":"1206072"},"geometry":{"type":"Polygon","coordinates":[[[19.805,50.062],[19.799,50.063],[19.792,50.066],[19.778,50.069],[19.764,50.074],[19.763,50.079],[19.759,50.081],[19.747,50.086],[19.736,50.083],[19.731,50.083],[19.728,50.088],[19.721,50.086],[19.718,50.088],[19.71,50.087],[19.708,50.082],[19.705,50.079],[19.707,50.075],[19.693,50.078],[19.694,50.082],[19.688,50.082],[19.686,50.087],[19.687,50.09],[19.679,50.093],[19.675,50.093],[19.664,50.089],[19.667,50.087],[19.672,50.088],[19.679,50.08],[19.673,50.075],[19.667,50.074],[19.666,50.066],[19.661,50.065],[19.667,50.062],[19.677,50.059],[19.68,50.056],[19.68,50.052],[19.685,50.05],[19.692,50.05],[19.698,50.051],[19.702,50.05],[19.704,50.038],[19.707,50.033],[19.712,50.035],[19.715,50.021],[19.715,50.016],[19.722,50.016],[19.731,50.014],[19.735,50.011],[19.744,50.009],[19.742,50.005],[19.752,50.005],[19.755,50.001],[19.754,49.995],[19.762,49.984],[19.761,49.98],[19.767,49.979],[19.775,49.984],[19.781,49.983],[19.785,49.985],[19.788,49.991],[19.792,49.993],[19.797,49.997],[19.795,50.006],[19.792,50.012],[19.794,50.015],[19.798,50.016],[19.801,50.019],[19.803,50.024],[19.806,50.026],[19.812,50.025],[19.816,50.021],[19.821,50.021],[19.829,50.025],[19.829,50.026],[19.826,50.032],[19.819,50.032],[19.813,50.035],[19.811,50.043],[19.82,50.052],[19.821,50.058],[19.817,50.059],[19.811,50.059],[19.809,50.061],[19.805,50.062]]]}}]}